"Time","alice"
"10/27/2024, 12:30:00 AM",17428
"10/27/2024, 01:00:00 AM",14749
"10/27/2024, 01:30:00 AM",15812
"10/27/2024, 02:00:00 AM",18124
"10/27/2024, 02:30:00 AM",17382
"10/27/2024, 03:00:00 AM",14518
"10/27/2024, 03:30:00 AM",18151
"10/27/2024, 04:00:00 AM",16766
"10/27/2024, 04:30:00 AM",15732
"10/27/2024, 05:00:00 AM",17456
"10/27/2024, 05:30:00 AM",17892
"10/27/2024, 06:00:00 AM",15439
"10/27/2024, 06:30:00 AM",15265
"10/27/2024, 07:00:00 AM",14820
"10/27/2024, 07:30:00 AM",17062
"10/27/2024, 08:00:00 AM",17438
"10/27/2024, 08:30:00 AM",16100
"10/27/2024, 09:00:00 AM",16132
"10/27/2024, 09:30:00 AM",14401
"10/27/2024, 10:00:00 AM",17219
"10/27/2024, 10:30:00 AM",26804
"10/27/2024, 11:00:00 AM",34143
"10/27/2024, 11:30:00 AM",39342
"10/27/2024, 12:00:00 PM",48599
"10/27/2024, 12:30:00 PM",52276
"10/27/2024, 01:00:00 PM",50494
"10/27/2024, 01:30:00 PM",47006
"10/27/2024, 02:00:00 PM",43484
"10/27/2024, 02:30:00 PM",36474
"10/27/2024, 03:00:00 PM",34445
"10/27/2024, 03:30:00 PM",31580
"10/27/2024, 04:00:00 PM",24952
"10/27/2024, 04:30:00 PM",20252
"10/27/2024, 05:00:00 PM",20492
"10/27/2024, 05:30:00 PM",20638
"10/27/2024, 06:00:00 PM",23304
"10/27/2024, 06:30:00 PM",22814
"10/27/2024, 07:00:00 PM",19281
"10/27/2024, 07:30:00 PM",17071
"10/27/2024, 08:00:00 PM",16424
"10/27/2024, 08:30:00 PM",14286
"10/27/2024, 09:00:00 PM",15395
"10/27/2024, 09:30:00 PM",16674
"10/27/2024, 10:00:00 PM",14170
"10/27/2024, 10:30:00 PM",14663
"10/27/2024, 11:00:00 PM",10361
"10/27/2024, 11:30:00 PM",12962
"10/28/2024, 12:00:00 AM",10857
"10/28/2024, 12:30:00 AM",13712
"10/28/2024, 01:00:00 AM",14006
"10/28/2024, 01:30:00 AM",11698
"10/28/2024, 02:00:00 AM",12574
"10/28/2024, 02:30:00 AM",12538
"10/28/2024, 03:00:00 AM",10246
"10/28/2024, 03:30:00 AM",11766
"10/28/2024, 04:00:00 AM",10623
"10/28/2024, 04:30:00 AM",9516
"10/28/2024, 05:00:00 AM",15066
"10/28/2024, 05:30:00 AM",19908
"10/28/2024, 06:00:00 AM",30731
"10/28/2024, 06:30:00 AM",41301
"10/28/2024, 07:00:00 AM",45220
"10/28/2024, 07:30:00 AM",35992
"10/28/2024, 08:00:00 AM",22101
"10/28/2024, 08:30:00 AM",13133
"10/28/2024, 09:00:00 AM",10678
"10/28/2024, 09:30:00 AM",5888
"10/28/2024, 10:00:00 AM",15536
"10/28/2024, 10:30:00 AM",44372
"10/28/2024, 11:00:00 AM",56498
"10/28/2024, 11:30:00 AM",71572
"10/28/2024, 12:00:00 PM",80715
"10/28/2024, 12:30:00 PM",80193
"10/28/2024, 01:00:00 PM",85772
"10/28/2024, 01:30:00 PM",92273
"10/28/2024, 02:00:00 PM",95393
"10/28/2024, 02:30:00 PM",99100
"10/28/2024, 03:00:00 PM",100227
"10/28/2024, 03:30:00 PM",97631
"10/28/2024, 04:00:00 PM",98948
"10/28/2024, 04:30:00 PM",99884
"10/28/2024, 05:00:00 PM",100126
"10/28/2024, 05:30:00 PM",100869
"10/28/2024, 06:00:00 PM",100723
"10/28/2024, 06:30:00 PM",100685
"10/28/2024, 07:00:00 PM",100631
"10/28/2024, 07:30:00 PM",100653
"10/28/2024, 08:00:00 PM",100988
"10/28/2024, 08:30:00 PM",100640
"10/28/2024, 09:00:00 PM",101358
"10/28/2024, 09:30:00 PM",101579
"10/28/2024, 10:00:00 PM",101235
"10/28/2024, 10:30:00 PM",101338
"10/28/2024, 11:00:00 PM",99093
"10/28/2024, 11:30:00 PM",96167
"10/29/2024, 12:00:00 AM",99578
"10/29/2024, 12:30:00 AM",101358
"10/29/2024, 01:00:00 AM",100963
"10/29/2024, 01:30:00 AM",101445
"10/29/2024, 02:00:00 AM",100830
"10/29/2024, 02:30:00 AM",101179
"10/29/2024, 03:00:00 AM",101691
"10/29/2024, 03:30:00 AM",101466
"10/29/2024, 04:00:00 AM",101617
"10/29/2024, 04:30:00 AM",101396
"10/29/2024, 05:00:00 AM",101700
"10/29/2024, 05:30:00 AM",97932
"10/29/2024, 06:00:00 AM",76549
"10/29/2024, 06:30:00 AM",87542
"10/29/2024, 07:00:00 AM",95727
"10/29/2024, 07:30:00 AM",99626
"10/29/2024, 08:00:00 AM",101712
"10/29/2024, 08:30:00 AM",101809
"10/29/2024, 09:00:00 AM",102070
"10/29/2024, 09:30:00 AM",102475
"10/29/2024, 10:00:00 AM",101783
"10/29/2024, 10:30:00 AM",101411
"10/29/2024, 11:00:00 AM",101219
"10/29/2024, 11:30:00 AM",101408
"10/29/2024, 12:00:00 PM",100967
"10/29/2024, 12:30:00 PM",101605
"10/29/2024, 01:00:00 PM",101649
"10/29/2024, 01:30:00 PM",101548
"10/29/2024, 02:00:00 PM",100868
"10/29/2024, 02:30:00 PM",101402
"10/29/2024, 03:00:00 PM",100356
"10/29/2024, 03:30:00 PM",99458
"10/29/2024, 04:00:00 PM",100581
"10/29/2024, 04:30:00 PM",97865
"10/29/2024, 05:00:00 PM",101043
"10/29/2024, 05:30:00 PM",101631
"10/29/2024, 06:00:00 PM",101486
"10/29/2024, 06:30:00 PM",101198
"10/29/2024, 07:00:00 PM",99599
"10/29/2024, 07:30:00 PM",100472
"10/29/2024, 08:00:00 PM",101186
"10/29/2024, 08:30:00 PM",101450
"10/29/2024, 09:00:00 PM",101323
"10/29/2024, 09:30:00 PM",101794
"10/29/2024, 10:00:00 PM",101872
"10/29/2024, 10:30:00 PM",102030
"10/29/2024, 11:00:00 PM",102127
"10/29/2024, 11:30:00 PM",102149
"10/30/2024, 12:00:00 AM",102317
"10/30/2024, 12:30:00 AM",102161
"10/30/2024, 01:00:00 AM",102238
"10/30/2024, 01:30:00 AM",101788
"10/30/2024, 02:00:00 AM",101877
"10/30/2024, 02:30:00 AM",102060
"10/30/2024, 03:00:00 AM",101775
"10/30/2024, 03:30:00 AM",101826
"10/30/2024, 04:00:00 AM",102276
"10/30/2024, 04:30:00 AM",101833
"10/30/2024, 05:00:00 AM",102428
"10/30/2024, 05:30:00 AM",102640
"10/30/2024, 06:00:00 AM",102491
"10/30/2024, 06:30:00 AM",101519
"10/30/2024, 07:00:00 AM",101593
"10/30/2024, 07:30:00 AM",101787
"10/30/2024, 08:00:00 AM",100858
"10/30/2024, 08:30:00 AM",100221
"10/30/2024, 09:00:00 AM",100131
"10/30/2024, 09:30:00 AM",101217
"10/30/2024, 10:00:00 AM",102444
"10/30/2024, 10:30:00 AM",101892
"10/30/2024, 11:00:00 AM",102554
"10/30/2024, 11:30:00 AM",101814
"10/30/2024, 12:00:00 PM",99139
"10/30/2024, 12:30:00 PM",98324
"10/30/2024, 01:00:00 PM",97453
"10/30/2024, 01:30:00 PM",99520
"10/30/2024, 02:00:00 PM",99230
"10/30/2024, 02:30:00 PM",99366
"10/30/2024, 03:00:00 PM",98877
"10/30/2024, 03:30:00 PM",98950
"10/30/2024, 04:00:00 PM",98030
"10/30/2024, 04:30:00 PM",97844
"10/30/2024, 05:00:00 PM",98869
"10/30/2024, 05:30:00 PM",98925
"10/30/2024, 06:00:00 PM",98244
"10/30/2024, 06:30:00 PM",99343
"10/30/2024, 07:00:00 PM",99538
"10/30/2024, 07:30:00 PM",99383
"10/30/2024, 08:00:00 PM",99694
"10/30/2024, 08:30:00 PM",99814
"10/30/2024, 09:00:00 PM",98639
"10/30/2024, 09:30:00 PM",98211
"10/30/2024, 10:00:00 PM",98838
"10/30/2024, 10:30:00 PM",98764
"10/30/2024, 11:00:00 PM",98711
"10/30/2024, 11:30:00 PM",98956
"10/31/2024, 12:00:00 AM",98952
"10/31/2024, 12:30:00 AM",99206
"10/31/2024, 01:00:00 AM",99575
"10/31/2024, 01:30:00 AM",99980
"10/31/2024, 02:00:00 AM",100416
"10/31/2024, 02:30:00 AM",100629
"10/31/2024, 03:00:00 AM",100784
"10/31/2024, 03:30:00 AM",100739
"10/31/2024, 04:00:00 AM",100894
"10/31/2024, 04:30:00 AM",101007
"10/31/2024, 05:00:00 AM",101920
"10/31/2024, 05:30:00 AM",101850
"10/31/2024, 06:00:00 AM",102640
"10/31/2024, 06:30:00 AM",103274
"10/31/2024, 07:00:00 AM",103179
"10/31/2024, 07:30:00 AM",103010
"10/31/2024, 08:00:00 AM",102705
"10/31/2024, 08:30:00 AM",102281
"10/31/2024, 09:00:00 AM",102219
"10/31/2024, 09:30:00 AM",101977
"10/31/2024, 10:00:00 AM",101562
"10/31/2024, 10:30:00 AM",100488
"10/31/2024, 11:00:00 AM",99277
"10/31/2024, 11:30:00 AM",99473
"10/31/2024, 12:00:00 PM",100438
"10/31/2024, 12:30:00 PM",100326
"10/31/2024, 01:00:00 PM",102203
"10/31/2024, 01:30:00 PM",103568
"10/31/2024, 02:00:00 PM",103404
"10/31/2024, 02:30:00 PM",102799
"10/31/2024, 03:00:00 PM",101695
"10/31/2024, 03:30:00 PM",100507
"10/31/2024, 04:00:00 PM",99215
"10/31/2024, 04:30:00 PM",98702
"10/31/2024, 05:00:00 PM",98847
"10/31/2024, 05:30:00 PM",98869
"10/31/2024, 06:00:00 PM",97832
"10/31/2024, 06:30:00 PM",98188
"10/31/2024, 07:00:00 PM",98015
"10/31/2024, 07:30:00 PM",96228
"10/31/2024, 08:00:00 PM",95808
"10/31/2024, 08:30:00 PM",96925
"10/31/2024, 09:00:00 PM",97249
"10/31/2024, 09:30:00 PM",96892
"10/31/2024, 10:00:00 PM",97959
"10/31/2024, 10:30:00 PM",98846
"10/31/2024, 11:00:00 PM",99257
"10/31/2024, 11:30:00 PM",99760
"11/01/2024, 12:00:00 AM",100446
"11/01/2024, 12:30:00 AM",100941
"11/01/2024, 01:00:00 AM",101166
"11/01/2024, 01:30:00 AM",100786
"11/01/2024, 02:00:00 AM",100751
"11/01/2024, 02:30:00 AM",100959
"11/01/2024, 03:00:00 AM",100765
"11/01/2024, 03:30:00 AM",100548
"11/01/2024, 04:00:00 AM",100540
"11/01/2024, 04:30:00 AM",100658
"11/01/2024, 05:00:00 AM",101202
"11/01/2024, 05:30:00 AM",101412
"11/01/2024, 06:00:00 AM",101361
"11/01/2024, 06:30:00 AM",101237
"11/01/2024, 07:00:00 AM",101109
"11/01/2024, 07:30:00 AM",101364
"11/01/2024, 08:00:00 AM",100887
"11/01/2024, 08:30:00 AM",101099
"11/01/2024, 09:00:00 AM",100215
"11/01/2024, 09:30:00 AM",98807
"11/01/2024, 10:00:00 AM",98686
"11/01/2024, 10:30:00 AM",98126
"11/01/2024, 11:00:00 AM",98488
"11/01/2024, 11:30:00 AM",98635
"11/01/2024, 12:00:00 PM",98882
"11/01/2024, 12:30:00 PM",97896
"11/01/2024, 01:00:00 PM",99033
"11/01/2024, 01:30:00 PM",100661
"11/01/2024, 02:00:00 PM",100394
"11/01/2024, 02:30:00 PM",99908
"11/01/2024, 03:00:00 PM",100555
"11/01/2024, 03:30:00 PM",97989
"11/01/2024, 04:00:00 PM",97058
"11/01/2024, 04:30:00 PM",98844
"11/01/2024, 05:00:00 PM",100740
"11/01/2024, 05:30:00 PM",100642
"11/01/2024, 06:00:00 PM",100644
"11/01/2024, 06:30:00 PM",101169
"11/01/2024, 07:00:00 PM",100742
"11/01/2024, 07:30:00 PM",101050
"11/01/2024, 08:00:00 PM",101677
"11/01/2024, 08:30:00 PM",101721
"11/01/2024, 09:00:00 PM",101560
"11/01/2024, 09:30:00 PM",101113
"11/01/2024, 10:00:00 PM",101164
"11/01/2024, 10:30:00 PM",100841
"11/01/2024, 11:00:00 PM",100914
"11/01/2024, 11:30:00 PM",101887
"11/02/2024, 12:00:00 AM",102147
"11/02/2024, 12:30:00 AM",101705
"11/02/2024, 01:00:00 AM",101383
"11/02/2024, 01:30:00 AM",101188
"11/02/2024, 02:00:00 AM",99878
"11/02/2024, 02:30:00 AM",99776
"11/02/2024, 03:00:00 AM",100883
"11/02/2024, 03:30:00 AM",100541
"11/02/2024, 04:00:00 AM",99988
"11/02/2024, 04:30:00 AM",100435
"11/02/2024, 05:00:00 AM",101570
"11/02/2024, 05:30:00 AM",101751
"11/02/2024, 06:00:00 AM",101868
"11/02/2024, 06:30:00 AM",101744
"11/02/2024, 07:00:00 AM",101489
"11/02/2024, 07:30:00 AM",101435
"11/02/2024, 08:00:00 AM",102093
"11/02/2024, 08:30:00 AM",102113
"11/02/2024, 09:00:00 AM",101645
"11/02/2024, 09:30:00 AM",101858
"11/02/2024, 10:00:00 AM",102368
"11/02/2024, 10:30:00 AM",102764
"11/02/2024, 11:00:00 AM",102529
"11/02/2024, 11:30:00 AM",101837
"11/02/2024, 12:00:00 PM",98302
"11/02/2024, 12:30:00 PM",98245
"11/02/2024, 01:00:00 PM",99515
"11/02/2024, 01:30:00 PM",99836
"11/02/2024, 02:00:00 PM",98371
"11/02/2024, 02:30:00 PM",98745
"11/02/2024, 03:00:00 PM",99814
"11/02/2024, 03:30:00 PM",99564
"11/02/2024, 04:00:00 PM",97739
"11/02/2024, 04:30:00 PM",97229
"11/02/2024, 05:00:00 PM",98509
"11/02/2024, 05:30:00 PM",98564
"11/02/2024, 06:00:00 PM",98214
"11/02/2024, 06:30:00 PM",98284
"11/02/2024, 07:00:00 PM",98423
"11/02/2024, 07:30:00 PM",100157
"11/02/2024, 08:00:00 PM",101705
"11/02/2024, 08:30:00 PM",98029
"11/02/2024, 09:00:00 PM",92998
"11/02/2024, 09:30:00 PM",89285
"11/02/2024, 10:00:00 PM",90358
"11/02/2024, 10:30:00 PM",87564
"11/02/2024, 11:00:00 PM",76327
"11/02/2024, 11:30:00 PM",70458
"11/03/2024, 12:00:00 AM",64176
"11/03/2024, 12:30:00 AM",57941
"11/03/2024, 01:00:00 AM",50874
"11/03/2024, 01:30:00 AM",42209
"11/03/2024, 02:00:00 AM",36367
"11/03/2024, 02:30:00 AM",30463
"11/03/2024, 03:00:00 AM",25457
"11/03/2024, 03:30:00 AM",22598
"11/03/2024, 04:00:00 AM",22441
"11/03/2024, 04:30:00 AM",18222
"11/03/2024, 05:00:00 AM",18717
"11/03/2024, 05:30:00 AM",16972
"11/03/2024, 06:00:00 AM",20476
"11/03/2024, 06:30:00 AM",26495
"11/03/2024, 07:00:00 AM",32532
"11/03/2024, 07:30:00 AM",36199
"11/03/2024, 08:00:00 AM",38118
"11/03/2024, 08:30:00 AM",41539
"11/03/2024, 09:00:00 AM",44887
"11/03/2024, 09:30:00 AM",48735
"11/03/2024, 10:00:00 AM",51813
"11/03/2024, 10:30:00 AM",55254
"11/03/2024, 11:00:00 AM",58288
"11/03/2024, 11:30:00 AM",64462
"11/03/2024, 12:00:00 PM",67865
"11/03/2024, 12:30:00 PM",71999
"11/03/2024, 01:00:00 PM",74380
"11/03/2024, 01:30:00 PM",74916
"11/03/2024, 02:00:00 PM",75736
"11/03/2024, 02:30:00 PM",78191
"11/03/2024, 03:00:00 PM",75307
"11/03/2024, 03:30:00 PM",73639
"11/03/2024, 04:00:00 PM",77570
"11/03/2024, 04:30:00 PM",81113
"11/03/2024, 05:00:00 PM",84103
"11/03/2024, 05:30:00 PM",86173
"11/03/2024, 06:00:00 PM",85636
"11/03/2024, 06:30:00 PM",82602
"11/03/2024, 07:00:00 PM",70710
"11/03/2024, 07:30:00 PM",62066
"11/03/2024, 08:00:00 PM",54138
"11/03/2024, 08:30:00 PM",44711
"11/03/2024, 09:00:00 PM",34830
"11/03/2024, 09:30:00 PM",26633
"11/03/2024, 10:00:00 PM",20005
"11/03/2024, 10:30:00 PM",16639
"11/03/2024, 11:00:00 PM",15252
"11/03/2024, 11:30:00 PM",13705
"11/04/2024, 12:00:00 AM",12273
"11/04/2024, 12:30:00 AM",11062
"11/04/2024, 01:00:00 AM",14605
"11/04/2024, 01:30:00 AM",12418
"11/04/2024, 02:00:00 AM",11727
"11/04/2024, 02:30:00 AM",13236
"11/04/2024, 03:00:00 AM",14017
"11/04/2024, 03:30:00 AM",19825
"11/04/2024, 04:00:00 AM",23137
"11/04/2024, 04:30:00 AM",26279
"11/04/2024, 05:00:00 AM",32372
"11/04/2024, 05:30:00 AM",34451
"11/04/2024, 06:00:00 AM",40006
"11/04/2024, 06:30:00 AM",39295
"11/04/2024, 07:00:00 AM",35502
"11/04/2024, 07:30:00 AM",34977
"11/04/2024, 08:00:00 AM",32361
"11/04/2024, 08:30:00 AM",31520
"11/04/2024, 09:00:00 AM",33849
"11/04/2024, 09:30:00 AM",33050
"11/04/2024, 10:00:00 AM",32783
"11/04/2024, 10:30:00 AM",40343
"11/04/2024, 11:00:00 AM",45222
"11/04/2024, 11:30:00 AM",52482
"11/04/2024, 12:00:00 PM",58594
"11/04/2024, 12:30:00 PM",59575
"11/04/2024, 01:00:00 PM",58834
"11/04/2024, 01:30:00 PM",60403
"11/04/2024, 02:00:00 PM",62874
"11/04/2024, 02:30:00 PM",67324
"11/04/2024, 03:00:00 PM",64490
"11/04/2024, 03:30:00 PM",61230
"11/04/2024, 04:00:00 PM",54825
"11/04/2024, 04:30:00 PM",42836
"11/04/2024, 05:00:00 PM",38535
"11/04/2024, 05:30:00 PM",37896
"11/04/2024, 06:00:00 PM",34715
"11/04/2024, 06:30:00 PM",30526
"11/04/2024, 07:00:00 PM",29646
"11/04/2024, 07:30:00 PM",31806
"11/04/2024, 08:00:00 PM",27617
"11/04/2024, 08:30:00 PM",28520
"11/04/2024, 09:00:00 PM",26284
"11/04/2024, 09:30:00 PM",23651
"11/04/2024, 10:00:00 PM",25212
"11/04/2024, 10:30:00 PM",28881
"11/04/2024, 11:00:00 PM",24917
"11/04/2024, 11:30:00 PM",33757
"11/05/2024, 12:00:00 AM",38059
"11/05/2024, 12:30:00 AM",31324
"11/05/2024, 01:00:00 AM",27923
"11/05/2024, 01:30:00 AM",29413
"11/05/2024, 02:00:00 AM",36498
"11/05/2024, 02:30:00 AM",43264
"11/05/2024, 03:00:00 AM",48007
"11/05/2024, 03:30:00 AM",54379
"11/05/2024, 04:00:00 AM",54926
"11/05/2024, 04:30:00 AM",54637
"11/05/2024, 05:00:00 AM",59668
"11/05/2024, 05:30:00 AM",62028
"11/05/2024, 06:00:00 AM",60295
"11/05/2024, 06:30:00 AM",64115
"11/05/2024, 07:00:00 AM",65622
"11/05/2024, 07:30:00 AM",62861
"11/05/2024, 08:00:00 AM",65323
"11/05/2024, 08:30:00 AM",69618
"11/05/2024, 09:00:00 AM",78597
"11/05/2024, 09:30:00 AM",83378
"11/05/2024, 10:00:00 AM",89173
"11/05/2024, 10:30:00 AM",99339
"11/05/2024, 11:00:00 AM",101242
"11/05/2024, 11:30:00 AM",100089
"11/05/2024, 12:00:00 PM",99813
"11/05/2024, 12:30:00 PM",99437
"11/05/2024, 01:00:00 PM",99531
"11/05/2024, 01:30:00 PM",99697
"11/05/2024, 02:00:00 PM",99953
"11/05/2024, 02:30:00 PM",99919
"11/05/2024, 03:00:00 PM",99597
"11/05/2024, 03:30:00 PM",98623
"11/05/2024, 04:00:00 PM",94752
"11/05/2024, 04:30:00 PM",93072
"11/05/2024, 05:00:00 PM",86727
"11/05/2024, 05:30:00 PM",89503
"11/05/2024, 06:00:00 PM",82609
"11/05/2024, 06:30:00 PM",81632
"11/05/2024, 07:00:00 PM",84200
"11/05/2024, 07:30:00 PM",85755
"11/05/2024, 08:00:00 PM",83082
"11/05/2024, 08:30:00 PM",84851
"11/05/2024, 09:00:00 PM",84153
"11/05/2024, 09:30:00 PM",84042
"11/05/2024, 10:00:00 PM",84536
"11/05/2024, 10:30:00 PM",83455
"11/05/2024, 11:00:00 PM",81619
"11/05/2024, 11:30:00 PM",81759
"11/06/2024, 12:00:00 AM",82111
"11/06/2024, 12:30:00 AM",81730
"11/06/2024, 01:00:00 AM",77292
"11/06/2024, 01:30:00 AM",75241
"11/06/2024, 02:00:00 AM",74041
"11/06/2024, 02:30:00 AM",73852
"11/06/2024, 03:00:00 AM",69522
"11/06/2024, 03:30:00 AM",67224
"11/06/2024, 04:00:00 AM",66195
"11/06/2024, 04:30:00 AM",65807
"11/06/2024, 05:00:00 AM",66587
"11/06/2024, 05:30:00 AM",67092
"11/06/2024, 06:00:00 AM",69229
"11/06/2024, 06:30:00 AM",76827
"11/06/2024, 07:00:00 AM",74307
"11/06/2024, 07:30:00 AM",75332
"11/06/2024, 08:00:00 AM",77287
"11/06/2024, 08:30:00 AM",80672
"11/06/2024, 09:00:00 AM",83990
"11/06/2024, 09:30:00 AM",86673
"11/06/2024, 10:00:00 AM",90043
"11/06/2024, 10:30:00 AM",90998
"11/06/2024, 11:00:00 AM",90804
"11/06/2024, 11:30:00 AM",92433
"11/06/2024, 12:00:00 PM",86670
"11/06/2024, 12:30:00 PM",80742
"11/06/2024, 01:00:00 PM",79379
"11/06/2024, 01:30:00 PM",75600
"11/06/2024, 02:00:00 PM",70414
"11/06/2024, 02:30:00 PM",69661
"11/06/2024, 03:00:00 PM",68885
"11/06/2024, 03:30:00 PM",68156
"11/06/2024, 04:00:00 PM",69216
"11/06/2024, 04:30:00 PM",67769
"11/06/2024, 05:00:00 PM",67319
"11/06/2024, 05:30:00 PM",66981
"11/06/2024, 06:00:00 PM",66477
"11/06/2024, 06:30:00 PM",69105
"11/06/2024, 07:00:00 PM",73109
"11/06/2024, 07:30:00 PM",76234
"11/06/2024, 08:00:00 PM",73386
"11/06/2024, 08:30:00 PM",69632
"11/06/2024, 09:00:00 PM",65944
"11/06/2024, 09:30:00 PM",64225
"11/06/2024, 10:00:00 PM",63832
"11/06/2024, 10:30:00 PM",63817
"11/06/2024, 11:00:00 PM",63704
"11/06/2024, 11:30:00 PM",63945
"11/07/2024, 12:00:00 AM",63771
"11/07/2024, 12:30:00 AM",63946
"11/07/2024, 01:00:00 AM",63835
"11/07/2024, 01:30:00 AM",63729
"11/07/2024, 02:00:00 AM",63592
"11/07/2024, 02:30:00 AM",67334
"11/07/2024, 03:00:00 AM",71405
"11/07/2024, 03:30:00 AM",70717
"11/07/2024, 04:00:00 AM",70954
"11/07/2024, 04:30:00 AM",72150
"11/07/2024, 05:00:00 AM",74780
"11/07/2024, 05:30:00 AM",81314
"11/07/2024, 06:00:00 AM",89783
"11/07/2024, 06:30:00 AM",91184
"11/07/2024, 07:00:00 AM",96873
"11/07/2024, 07:30:00 AM",99664
"11/07/2024, 08:00:00 AM",100694
"11/07/2024, 08:30:00 AM",100467
"11/07/2024, 09:00:00 AM",100078
"11/07/2024, 09:30:00 AM",100315
"11/07/2024, 10:00:00 AM",99979
"11/07/2024, 10:30:00 AM",98829
"11/07/2024, 11:00:00 AM",98849
"11/07/2024, 11:30:00 AM",99495
"11/07/2024, 12:00:00 PM",98720
"11/07/2024, 12:30:00 PM",99221
"11/07/2024, 01:00:00 PM",99265
"11/07/2024, 01:30:00 PM",98841
"11/07/2024, 02:00:00 PM",99475
"11/07/2024, 02:30:00 PM",100035
"11/07/2024, 03:00:00 PM",100488
"11/07/2024, 03:30:00 PM",100457
"11/07/2024, 04:00:00 PM",101101
"11/07/2024, 04:30:00 PM",101281
"11/07/2024, 05:00:00 PM",100052
"11/07/2024, 05:30:00 PM",98500
"11/07/2024, 06:00:00 PM",98445
"11/07/2024, 06:30:00 PM",98539
"11/07/2024, 07:00:00 PM",85459
"11/07/2024, 07:30:00 PM",64114
"11/07/2024, 08:00:00 PM",53683
"11/07/2024, 08:30:00 PM",47710
"11/07/2024, 09:00:00 PM",40091
"11/07/2024, 09:30:00 PM",36024
"11/07/2024, 10:00:00 PM",32212
"11/07/2024, 10:30:00 PM",26620
"11/07/2024, 11:00:00 PM",23729
"11/07/2024, 11:30:00 PM",21720
"11/08/2024, 12:00:00 AM",20883
"11/08/2024, 12:30:00 AM",20785
"11/08/2024, 01:00:00 AM",27625
"11/08/2024, 01:30:00 AM",32954
"11/08/2024, 02:00:00 AM",32988
"11/08/2024, 02:30:00 AM",35211
"11/08/2024, 03:00:00 AM",29936
"11/08/2024, 03:30:00 AM",19673
"11/08/2024, 04:00:00 AM",16490
"11/08/2024, 04:30:00 AM",17447
"11/08/2024, 05:00:00 AM",18710
"11/08/2024, 05:30:00 AM",20407
"11/08/2024, 06:00:00 AM",19190
"11/08/2024, 06:30:00 AM",19826
"11/08/2024, 07:00:00 AM",20313
"11/08/2024, 07:30:00 AM",18375
"11/08/2024, 08:00:00 AM",15751
"11/08/2024, 08:30:00 AM",15440
"11/08/2024, 09:00:00 AM",16826
"11/08/2024, 09:30:00 AM",22204
"11/08/2024, 10:00:00 AM",21948
"11/08/2024, 10:30:00 AM",34934
"11/08/2024, 11:00:00 AM",43434
"11/08/2024, 11:30:00 AM",52675
"11/08/2024, 12:00:00 PM",56295
"11/08/2024, 12:30:00 PM",58209
"11/08/2024, 01:00:00 PM",57579
"11/08/2024, 01:30:00 PM",61166
"11/08/2024, 02:00:00 PM",64778
"11/08/2024, 02:30:00 PM",68576
"11/08/2024, 03:00:00 PM",63645
"11/08/2024, 03:30:00 PM",64273
"11/08/2024, 04:00:00 PM",58923
"11/08/2024, 04:30:00 PM",58935
"11/08/2024, 05:00:00 PM",56963
"11/08/2024, 05:30:00 PM",56091
"11/08/2024, 06:00:00 PM",58614
"11/08/2024, 06:30:00 PM",59840
"11/08/2024, 07:00:00 PM",60199
"11/08/2024, 07:30:00 PM",58532
"11/08/2024, 08:00:00 PM",62696
"11/08/2024, 08:30:00 PM",61116
"11/08/2024, 09:00:00 PM",48601
"11/08/2024, 09:30:00 PM",32388
"11/08/2024, 10:00:00 PM",16862
"11/08/2024, 10:30:00 PM",12211
"11/08/2024, 11:00:00 PM",9990
"11/08/2024, 11:30:00 PM",8904
"11/09/2024, 12:00:00 AM",8359
"11/09/2024, 12:30:00 AM",10082
"11/09/2024, 01:00:00 AM",9449
"11/09/2024, 01:30:00 AM",7665
"11/09/2024, 02:00:00 AM",11191
"11/09/2024, 02:30:00 AM",8197
"11/09/2024, 03:00:00 AM",6940
"11/09/2024, 03:30:00 AM",7059
"11/09/2024, 04:00:00 AM",5292
"11/09/2024, 04:30:00 AM",5345
"11/09/2024, 05:00:00 AM",7286
"11/09/2024, 05:30:00 AM",5843
"11/09/2024, 06:00:00 AM",18362
"11/09/2024, 06:30:00 AM",51076
"11/09/2024, 07:00:00 AM",59347
"11/09/2024, 07:30:00 AM",65529
"11/09/2024, 08:00:00 AM",68117
"11/09/2024, 08:30:00 AM",71774
"11/09/2024, 09:00:00 AM",74551
"11/09/2024, 09:30:00 AM",79749
"11/09/2024, 10:00:00 AM",83822
"11/09/2024, 10:30:00 AM",88721
"11/09/2024, 11:00:00 AM",91918
"11/09/2024, 11:30:00 AM",96048
"11/09/2024, 12:00:00 PM",97106
"11/09/2024, 12:30:00 PM",99769
"11/09/2024, 01:00:00 PM",103101
"11/09/2024, 01:30:00 PM",106341
"11/09/2024, 02:00:00 PM",107149
"11/09/2024, 02:30:00 PM",107142
"11/09/2024, 03:00:00 PM",91784
"11/09/2024, 03:30:00 PM",56003
"11/09/2024, 04:00:00 PM",25899
"11/09/2024, 04:30:00 PM",13868
"11/09/2024, 05:00:00 PM",23374
"11/09/2024, 05:30:00 PM",46921
"11/09/2024, 06:00:00 PM",45288
"11/09/2024, 06:30:00 PM",43203
"11/09/2024, 07:00:00 PM",29972
"11/09/2024, 07:30:00 PM",19415
"11/09/2024, 08:00:00 PM",14572
"11/09/2024, 08:30:00 PM",7870
"11/09/2024, 09:00:00 PM",6912
"11/09/2024, 09:30:00 PM",2796
"11/09/2024, 10:00:00 PM",2067
"11/09/2024, 10:30:00 PM",1468
"11/09/2024, 11:00:00 PM",1262
"11/09/2024, 11:30:00 PM",1267
"11/10/2024, 12:00:00 AM",3069
"11/10/2024, 12:30:00 AM",1291
"11/10/2024, 01:00:00 AM",3624
"11/10/2024, 01:30:00 AM",810
"11/10/2024, 02:00:00 AM",5230
"11/10/2024, 02:30:00 AM",1392
"11/10/2024, 03:00:00 AM",758
"11/10/2024, 03:30:00 AM",692
"11/10/2024, 04:00:00 AM",535
"11/10/2024, 04:30:00 AM",480
"11/10/2024, 05:00:00 AM",5823
"11/10/2024, 05:30:00 AM",16271
"11/10/2024, 06:00:00 AM",6225
"11/10/2024, 06:30:00 AM",3895
"11/10/2024, 07:00:00 AM",5686
"11/10/2024, 07:30:00 AM",3714
"11/10/2024, 08:00:00 AM",2212
"11/10/2024, 08:30:00 AM",944
"11/10/2024, 09:00:00 AM",551
"11/10/2024, 09:30:00 AM",366
"11/10/2024, 10:00:00 AM",5435
"11/10/2024, 10:30:00 AM",3063
"11/10/2024, 11:00:00 AM",359
"11/10/2024, 11:30:00 AM",156
"11/10/2024, 12:00:00 PM",618
"11/10/2024, 12:30:00 PM",314
"11/10/2024, 01:00:00 PM",2092
"11/10/2024, 01:30:00 PM",1435
"11/10/2024, 02:00:00 PM",4717
"11/10/2024, 02:30:00 PM",13701
"11/10/2024, 03:00:00 PM",4657
"11/10/2024, 03:30:00 PM",9775
"11/10/2024, 04:00:00 PM",9336
"11/10/2024, 04:30:00 PM",9299
"11/10/2024, 05:00:00 PM",10170
"11/10/2024, 05:30:00 PM",5628
"11/10/2024, 06:00:00 PM",5678
"11/10/2024, 06:30:00 PM",3405
"11/10/2024, 07:00:00 PM",6422
"11/10/2024, 07:30:00 PM",8064
"11/10/2024, 08:00:00 PM",5152
"11/10/2024, 08:30:00 PM",21122
"11/10/2024, 09:00:00 PM",23007
"11/10/2024, 09:30:00 PM",49866
"11/10/2024, 10:00:00 PM",61208
"11/10/2024, 10:30:00 PM",65442
"11/10/2024, 11:00:00 PM",69329
"11/10/2024, 11:30:00 PM",73687
"11/11/2024, 12:00:00 AM",76738
"11/11/2024, 12:30:00 AM",79460
"11/11/2024, 01:00:00 AM",65352
"11/11/2024, 01:30:00 AM",43221
"11/11/2024, 02:00:00 AM",34189
"11/11/2024, 02:30:00 AM",27097
"11/11/2024, 03:00:00 AM",15002
"11/11/2024, 03:30:00 AM",15338
"11/11/2024, 04:00:00 AM",23756
"11/11/2024, 04:30:00 AM",26124
"11/11/2024, 05:00:00 AM",29560
"11/11/2024, 05:30:00 AM",25490
"11/11/2024, 06:00:00 AM",19988
"11/11/2024, 06:30:00 AM",23311
"11/11/2024, 07:00:00 AM",29173
"11/11/2024, 07:30:00 AM",36219
"11/11/2024, 08:00:00 AM",36914
"11/11/2024, 08:30:00 AM",43901
"11/11/2024, 09:00:00 AM",48435
"11/11/2024, 09:30:00 AM",52321
"11/11/2024, 10:00:00 AM",55172
"11/11/2024, 10:30:00 AM",56792
"11/11/2024, 11:00:00 AM",59469
"11/11/2024, 11:30:00 AM",65079
"11/11/2024, 12:00:00 PM",70025
"11/11/2024, 12:30:00 PM",72704
"11/11/2024, 01:00:00 PM",74508
"11/11/2024, 01:30:00 PM",75089
"11/11/2024, 02:00:00 PM",75083
"11/11/2024, 02:30:00 PM",75139
"11/11/2024, 03:00:00 PM",68964
"11/11/2024, 03:30:00 PM",66032
"11/11/2024, 04:00:00 PM",63834
"11/11/2024, 04:30:00 PM",64057
"11/11/2024, 05:00:00 PM",65866
"11/11/2024, 05:30:00 PM",67499
"11/11/2024, 06:00:00 PM",67721
"11/11/2024, 06:30:00 PM",60035
"11/11/2024, 07:00:00 PM",50226
"11/11/2024, 07:30:00 PM",53000
"11/11/2024, 08:00:00 PM",32598
"11/11/2024, 08:30:00 PM",21323
"11/11/2024, 09:00:00 PM",14526
"11/11/2024, 09:30:00 PM",18140
"11/11/2024, 10:00:00 PM",21175
"11/11/2024, 10:30:00 PM",24315
"11/11/2024, 11:00:00 PM",29096
"11/11/2024, 11:30:00 PM",23768
"11/12/2024, 12:00:00 AM",10155
"11/12/2024, 12:30:00 AM",9534
"11/12/2024, 01:00:00 AM",7160
"11/12/2024, 01:30:00 AM",3228
"11/12/2024, 02:00:00 AM",3897
"11/12/2024, 02:30:00 AM",3074
"11/12/2024, 03:00:00 AM",1030
"11/12/2024, 03:30:00 AM",2004
"11/12/2024, 04:00:00 AM",2386
"11/12/2024, 04:30:00 AM",4160
"11/12/2024, 05:00:00 AM",14419
"11/12/2024, 05:30:00 AM",20894
"11/12/2024, 06:00:00 AM",24993
"11/12/2024, 06:30:00 AM",27886
"11/12/2024, 07:00:00 AM",40993
"11/12/2024, 07:30:00 AM",61820
"11/12/2024, 08:00:00 AM",63679
"11/12/2024, 08:30:00 AM",64187
"11/12/2024, 09:00:00 AM",62205
"11/12/2024, 09:30:00 AM",59925
"11/12/2024, 10:00:00 AM",70909
"11/12/2024, 10:30:00 AM",73992
"11/12/2024, 11:00:00 AM",74195
"11/12/2024, 11:30:00 AM",68060
"11/12/2024, 12:00:00 PM",55056
"11/12/2024, 12:30:00 PM",52204
"11/12/2024, 01:00:00 PM",51133
"11/12/2024, 01:30:00 PM",55077
"11/12/2024, 02:00:00 PM",67040
"11/12/2024, 02:30:00 PM",69788
"11/12/2024, 03:00:00 PM",75005
"11/12/2024, 03:30:00 PM",80022
"11/12/2024, 04:00:00 PM",82391
"11/12/2024, 04:30:00 PM",80934
"11/12/2024, 05:00:00 PM",75997
"11/12/2024, 05:30:00 PM",66969
"11/12/2024, 06:00:00 PM",71207
"11/12/2024, 06:30:00 PM",70760
"11/12/2024, 07:00:00 PM",68530
"11/12/2024, 07:30:00 PM",68081
"11/12/2024, 08:00:00 PM",68580
"11/12/2024, 08:30:00 PM",74102
"11/12/2024, 09:00:00 PM",80054
"11/12/2024, 09:30:00 PM",81416
"11/12/2024, 10:00:00 PM",81458
"11/12/2024, 10:30:00 PM",77672
"11/12/2024, 11:00:00 PM",74270
"11/12/2024, 11:30:00 PM",75811
"11/13/2024, 12:00:00 AM",69124
"11/13/2024, 12:30:00 AM",53992
"11/13/2024, 01:00:00 AM",31221
"11/13/2024, 01:30:00 AM",17016
"11/13/2024, 02:00:00 AM",11754
"11/13/2024, 02:30:00 AM",11815
"11/13/2024, 03:00:00 AM",17679
"11/13/2024, 03:30:00 AM",26973
"11/13/2024, 04:00:00 AM",30527
"11/13/2024, 04:30:00 AM",30320
"11/13/2024, 05:00:00 AM",32967
"11/13/2024, 05:30:00 AM",31065
"11/13/2024, 06:00:00 AM",33099
"11/13/2024, 06:30:00 AM",38638
"11/13/2024, 07:00:00 AM",44235
"11/13/2024, 07:30:00 AM",47500
"11/13/2024, 08:00:00 AM",51554
"11/13/2024, 08:30:00 AM",53149
"11/13/2024, 09:00:00 AM",53616
"11/13/2024, 09:30:00 AM",55565
"11/13/2024, 10:00:00 AM",55995
"11/13/2024, 10:30:00 AM",56814
"11/13/2024, 11:00:00 AM",56300
"11/13/2024, 11:30:00 AM",56171
"11/13/2024, 12:00:00 PM",54933
"11/13/2024, 12:30:00 PM",52345
"11/13/2024, 01:00:00 PM",48668
"11/13/2024, 01:30:00 PM",45009
"11/13/2024, 02:00:00 PM",42403
"11/13/2024, 02:30:00 PM",41794
"11/13/2024, 03:00:00 PM",43630
"11/13/2024, 03:30:00 PM",41856
"11/13/2024, 04:00:00 PM",42403
"11/13/2024, 04:30:00 PM",45324
"11/13/2024, 05:00:00 PM",49049
"11/13/2024, 05:30:00 PM",53289
"11/13/2024, 06:00:00 PM",63099
"11/13/2024, 06:30:00 PM",69805
"11/13/2024, 07:00:00 PM",74184
"11/13/2024, 07:30:00 PM",76576
"11/13/2024, 08:00:00 PM",80369
"11/13/2024, 08:30:00 PM",82318
"11/13/2024, 09:00:00 PM",75122
"11/13/2024, 09:30:00 PM",64553
"11/13/2024, 10:00:00 PM",57757
"11/13/2024, 10:30:00 PM",54245
"11/13/2024, 11:00:00 PM",51151
"11/13/2024, 11:30:00 PM",51952
"11/14/2024, 12:00:00 AM",48726
"11/14/2024, 12:30:00 AM",56973
"11/14/2024, 01:00:00 AM",60412
"11/14/2024, 01:30:00 AM",64235
"11/14/2024, 02:00:00 AM",67089
"11/14/2024, 02:30:00 AM",71420
"11/14/2024, 03:00:00 AM",74921
"11/14/2024, 03:30:00 AM",77662
"11/14/2024, 04:00:00 AM",79231
"11/14/2024, 04:30:00 AM",78076
"11/14/2024, 05:00:00 AM",72700
"11/14/2024, 05:30:00 AM",68144
"11/14/2024, 06:00:00 AM",54251
"11/14/2024, 06:30:00 AM",63502
"11/14/2024, 07:00:00 AM",72495
"11/14/2024, 07:30:00 AM",80187
"11/14/2024, 08:00:00 AM",84721
"11/14/2024, 08:30:00 AM",86061
"11/14/2024, 09:00:00 AM",86446
"11/14/2024, 09:30:00 AM",85616
"11/14/2024, 10:00:00 AM",91160
"11/14/2024, 10:30:00 AM",96624
"11/14/2024, 11:00:00 AM",94392
"11/14/2024, 11:30:00 AM",96351
"11/14/2024, 12:00:00 PM",100051
"11/14/2024, 12:30:00 PM",100818
"11/14/2024, 01:00:00 PM",99657
"11/14/2024, 01:30:00 PM",93761
"11/14/2024, 02:00:00 PM",85952
"11/14/2024, 02:30:00 PM",78700
"11/14/2024, 03:00:00 PM",75101
"11/14/2024, 03:30:00 PM",73802
"11/14/2024, 04:00:00 PM",71358
"11/14/2024, 04:30:00 PM",69537
"11/14/2024, 05:00:00 PM",71460
"11/14/2024, 05:30:00 PM",72989
"11/14/2024, 06:00:00 PM",73832
"11/14/2024, 06:30:00 PM",75101
"11/14/2024, 07:00:00 PM",79518
"11/14/2024, 07:30:00 PM",80748
"11/14/2024, 08:00:00 PM",76691
"11/14/2024, 08:30:00 PM",75616
"11/14/2024, 09:00:00 PM",73902
"11/14/2024, 09:30:00 PM",78798
"11/14/2024, 10:00:00 PM",72580
"11/14/2024, 10:30:00 PM",71704
"11/14/2024, 11:00:00 PM",70380
"11/14/2024, 11:30:00 PM",68932
"11/15/2024, 12:00:00 AM",68848
"11/15/2024, 12:30:00 AM",67572
"11/15/2024, 01:00:00 AM",69690
"11/15/2024, 01:30:00 AM",84191
"11/15/2024, 02:00:00 AM",84072
"11/15/2024, 02:30:00 AM",83719
"11/15/2024, 03:00:00 AM",80499
"11/15/2024, 03:30:00 AM",79584
"11/15/2024, 04:00:00 AM",75528
"11/15/2024, 04:30:00 AM",61141
"11/15/2024, 05:00:00 AM",56851
"11/15/2024, 05:30:00 AM",67139
"11/15/2024, 06:00:00 AM",73247
"11/15/2024, 06:30:00 AM",77982
"11/15/2024, 07:00:00 AM",80327
"11/15/2024, 07:30:00 AM",80874
"11/15/2024, 08:00:00 AM",81540
"11/15/2024, 08:30:00 AM",84055
"11/15/2024, 09:00:00 AM",87578
"11/15/2024, 09:30:00 AM",92527
"11/15/2024, 10:00:00 AM",97218
"11/15/2024, 10:30:00 AM",100235
"11/15/2024, 11:00:00 AM",97733
"11/15/2024, 11:30:00 AM",98424
"11/15/2024, 12:00:00 PM",97977
"11/15/2024, 12:30:00 PM",97066
"11/15/2024, 01:00:00 PM",98314
"11/15/2024, 01:30:00 PM",98156
"11/15/2024, 02:00:00 PM",99082
"11/15/2024, 02:30:00 PM",100114
"11/15/2024, 03:00:00 PM",99711
"11/15/2024, 03:30:00 PM",99571
"11/15/2024, 04:00:00 PM",99602
"11/15/2024, 04:30:00 PM",99788
"11/15/2024, 05:00:00 PM",99878
"11/15/2024, 05:30:00 PM",100192
"11/15/2024, 06:00:00 PM",99260
"11/15/2024, 06:30:00 PM",99510
"11/15/2024, 07:00:00 PM",101092
"11/15/2024, 07:30:00 PM",101832
"11/15/2024, 08:00:00 PM",102131
"11/15/2024, 08:30:00 PM",101999
"11/15/2024, 09:00:00 PM",102390
"11/15/2024, 09:30:00 PM",102459
"11/15/2024, 10:00:00 PM",102459
"11/15/2024, 10:30:00 PM",101775
"11/15/2024, 11:00:00 PM",99191
"11/15/2024, 11:30:00 PM",90893
"11/16/2024, 12:00:00 AM",86084
"11/16/2024, 12:30:00 AM",83032
"11/16/2024, 01:00:00 AM",88126
"11/16/2024, 01:30:00 AM",92625
"11/16/2024, 02:00:00 AM",93735
"11/16/2024, 02:30:00 AM",92818
"11/16/2024, 03:00:00 AM",90406
"11/16/2024, 03:30:00 AM",91978
"11/16/2024, 04:00:00 AM",90301
"11/16/2024, 04:30:00 AM",88834
"11/16/2024, 05:00:00 AM",83546
"11/16/2024, 05:30:00 AM",81536
"11/16/2024, 06:00:00 AM",77362
"11/16/2024, 06:30:00 AM",75334
"11/16/2024, 07:00:00 AM",78228
"11/16/2024, 07:30:00 AM",88611
"11/16/2024, 08:00:00 AM",95112
"11/16/2024, 08:30:00 AM",92744
"11/16/2024, 09:00:00 AM",90358
"11/16/2024, 09:30:00 AM",90703
"11/16/2024, 10:00:00 AM",92074
"11/16/2024, 10:30:00 AM",93693
"11/16/2024, 11:00:00 AM",89770
"11/16/2024, 11:30:00 AM",71614
"11/16/2024, 12:00:00 PM",70853
"11/16/2024, 12:30:00 PM",66687
"11/16/2024, 01:00:00 PM",67169
"11/16/2024, 01:30:00 PM",72520
"11/16/2024, 02:00:00 PM",75319
"11/16/2024, 02:30:00 PM",75009
"11/16/2024, 03:00:00 PM",77482
"11/16/2024, 03:30:00 PM",81260
"11/16/2024, 04:00:00 PM",83554
"11/16/2024, 04:30:00 PM",87858
"11/16/2024, 05:00:00 PM",91293
"11/16/2024, 05:30:00 PM",92997
"11/16/2024, 06:00:00 PM",92583
"11/16/2024, 06:30:00 PM",88642
"11/16/2024, 07:00:00 PM",83059
"11/16/2024, 07:30:00 PM",87627
"11/16/2024, 08:00:00 PM",88768
"11/16/2024, 08:30:00 PM",90051
"11/16/2024, 09:00:00 PM",93848
"11/16/2024, 09:30:00 PM",95264
"11/16/2024, 10:00:00 PM",98345
"11/16/2024, 10:30:00 PM",98358
"11/16/2024, 11:00:00 PM",97109
"11/16/2024, 11:30:00 PM",90410
"11/17/2024, 12:00:00 AM",81519
"11/17/2024, 12:30:00 AM",76368
"11/17/2024, 01:00:00 AM",72870
"11/17/2024, 01:30:00 AM",82509
"11/17/2024, 02:00:00 AM",85575
"11/17/2024, 02:30:00 AM",87876
"11/17/2024, 03:00:00 AM",88571
"11/17/2024, 03:30:00 AM",88486
"11/17/2024, 04:00:00 AM",89273
"11/17/2024, 04:30:00 AM",93253
"11/17/2024, 05:00:00 AM",95558
"11/17/2024, 05:30:00 AM",96536
"11/17/2024, 06:00:00 AM",99015
"11/17/2024, 06:30:00 AM",94677
"11/17/2024, 07:00:00 AM",92498
"11/17/2024, 07:30:00 AM",92590
"11/17/2024, 08:00:00 AM",91292
"11/17/2024, 08:30:00 AM",89580
"11/17/2024, 09:00:00 AM",84230
"11/17/2024, 09:30:00 AM",83632
"11/17/2024, 10:00:00 AM",81892
"11/17/2024, 10:30:00 AM",81012
"11/17/2024, 11:00:00 AM",76659
"11/17/2024, 11:30:00 AM",72801
"11/17/2024, 12:00:00 PM",70494
"11/17/2024, 12:30:00 PM",68003
"11/17/2024, 01:00:00 PM",66891
"11/17/2024, 01:30:00 PM",68019
"11/17/2024, 02:00:00 PM",69215
"11/17/2024, 02:30:00 PM",69604
"11/17/2024, 03:00:00 PM",70845
"11/17/2024, 03:30:00 PM",70863
"11/17/2024, 04:00:00 PM",71079
"11/17/2024, 04:30:00 PM",71263
"11/17/2024, 05:00:00 PM",74504
"11/17/2024, 05:30:00 PM",74899
"11/17/2024, 06:00:00 PM",69180
"11/17/2024, 06:30:00 PM",72014
"11/17/2024, 07:00:00 PM",71904
"11/17/2024, 07:30:00 PM",71207
"11/17/2024, 08:00:00 PM",71132
"11/17/2024, 08:30:00 PM",74912
"11/17/2024, 09:00:00 PM",75175
"11/17/2024, 09:30:00 PM",77902
"11/17/2024, 10:00:00 PM",80575
"11/17/2024, 10:30:00 PM",81248
"11/17/2024, 11:00:00 PM",81156
"11/17/2024, 11:30:00 PM",83861
"11/18/2024, 12:00:00 AM",83881
"11/18/2024, 12:30:00 AM",79474
"11/18/2024, 01:00:00 AM",76668
"11/18/2024, 01:30:00 AM",77113
"11/18/2024, 02:00:00 AM",80315
"11/18/2024, 02:30:00 AM",81953
"11/18/2024, 03:00:00 AM",82865
"11/18/2024, 03:30:00 AM",79991
"11/18/2024, 04:00:00 AM",75365
"11/18/2024, 04:30:00 AM",75757
"11/18/2024, 05:00:00 AM",78225
"11/18/2024, 05:30:00 AM",77419
"11/18/2024, 06:00:00 AM",76608
"11/18/2024, 06:30:00 AM",72785
"11/18/2024, 07:00:00 AM",71420
"11/18/2024, 07:30:00 AM",74118
"11/18/2024, 08:00:00 AM",75199
"11/18/2024, 08:30:00 AM",76068
"11/18/2024, 09:00:00 AM",77350
"11/18/2024, 09:30:00 AM",78197
"11/18/2024, 10:00:00 AM",78967
"11/18/2024, 10:30:00 AM",79650
"11/18/2024, 11:00:00 AM",79120
"11/18/2024, 11:30:00 AM",78952
"11/18/2024, 12:00:00 PM",81244
"11/18/2024, 12:30:00 PM",83699
"11/18/2024, 01:00:00 PM",85317
"11/18/2024, 01:30:00 PM",96146
"11/18/2024, 02:00:00 PM",101113
"11/18/2024, 02:30:00 PM",101983
"11/18/2024, 03:00:00 PM",102386
"11/18/2024, 03:30:00 PM",103148
"11/18/2024, 04:00:00 PM",101944
"11/18/2024, 04:30:00 PM",101684
"11/18/2024, 05:00:00 PM",102089
"11/18/2024, 05:30:00 PM",102505
"11/18/2024, 06:00:00 PM",102287
"11/18/2024, 06:30:00 PM",101264
"11/18/2024, 07:00:00 PM",100418
"11/18/2024, 07:30:00 PM",99368
"11/18/2024, 08:00:00 PM",92038
"11/18/2024, 08:30:00 PM",91082
"11/18/2024, 09:00:00 PM",92960
"11/18/2024, 09:30:00 PM",99599
"11/18/2024, 10:00:00 PM",103426
"11/18/2024, 10:30:00 PM",102211
"11/18/2024, 11:00:00 PM",101808
"11/18/2024, 11:30:00 PM",100334
"11/19/2024, 12:00:00 AM",98163
"11/19/2024, 12:30:00 AM",89798
"11/19/2024, 01:00:00 AM",78212
"11/19/2024, 01:30:00 AM",70349
"11/19/2024, 02:00:00 AM",66623
"11/19/2024, 02:30:00 AM",67605
"11/19/2024, 03:00:00 AM",66490
"11/19/2024, 03:30:00 AM",66323
"11/19/2024, 04:00:00 AM",65948
"11/19/2024, 04:30:00 AM",65454
"11/19/2024, 05:00:00 AM",65571
"11/19/2024, 05:30:00 AM",67308
"11/19/2024, 06:00:00 AM",66076
"11/19/2024, 06:30:00 AM",62174
"11/19/2024, 07:00:00 AM",64342
"11/19/2024, 07:30:00 AM",71049
"11/19/2024, 08:00:00 AM",75466
"11/19/2024, 08:30:00 AM",77041
"11/19/2024, 09:00:00 AM",78497
"11/19/2024, 09:30:00 AM",79357
"11/19/2024, 10:00:00 AM",80569
"11/19/2024, 10:30:00 AM",81360
"11/19/2024, 11:00:00 AM",83425
"11/19/2024, 11:30:00 AM",84500
"11/19/2024, 12:00:00 PM",88131
"11/19/2024, 12:30:00 PM",89415
"11/19/2024, 01:00:00 PM",90779
"11/19/2024, 01:30:00 PM",91457
"11/19/2024, 02:00:00 PM",91802
"11/19/2024, 02:30:00 PM",92224
"11/19/2024, 03:00:00 PM",93991
"11/19/2024, 03:30:00 PM",96121
"11/19/2024, 04:00:00 PM",96161
"11/19/2024, 04:30:00 PM",96728
"11/19/2024, 05:00:00 PM",96439
"11/19/2024, 05:30:00 PM",97072
"11/19/2024, 06:00:00 PM",96462
"11/19/2024, 06:30:00 PM",96256
"11/19/2024, 07:00:00 PM",95661
"11/19/2024, 07:30:00 PM",95239
"11/19/2024, 08:00:00 PM",95133
"11/19/2024, 08:30:00 PM",95771
"11/19/2024, 09:00:00 PM",95684
"11/19/2024, 09:30:00 PM",95047
"11/19/2024, 10:00:00 PM",94320
"11/19/2024, 10:30:00 PM",94206
"11/19/2024, 11:00:00 PM",94293
"11/19/2024, 11:30:00 PM",94337
"11/20/2024, 12:00:00 AM",94507
"11/20/2024, 12:30:00 AM",94559
"11/20/2024, 01:00:00 AM",94376
"11/20/2024, 01:30:00 AM",95005
"11/20/2024, 02:00:00 AM",94577
"11/20/2024, 02:30:00 AM",94668
"11/20/2024, 03:00:00 AM",94783
"11/20/2024, 03:30:00 AM",95077
"11/20/2024, 04:00:00 AM",95772
"11/20/2024, 04:30:00 AM",95996
"11/20/2024, 05:00:00 AM",96060
"11/20/2024, 05:30:00 AM",95999
"11/20/2024, 06:00:00 AM",94658
"11/20/2024, 06:30:00 AM",94646
"11/20/2024, 07:00:00 AM",95602
"11/20/2024, 07:30:00 AM",95289
"11/20/2024, 08:00:00 AM",94744
"11/20/2024, 08:30:00 AM",94600
"11/20/2024, 09:00:00 AM",94919
"11/20/2024, 09:30:00 AM",95438
"11/20/2024, 10:00:00 AM",95713
"11/20/2024, 10:30:00 AM",95418
"11/20/2024, 11:00:00 AM",95502
"11/20/2024, 11:30:00 AM",95753
"11/20/2024, 12:00:00 PM",96104
"11/20/2024, 12:30:00 PM",96845
"11/20/2024, 01:00:00 PM",96954
"11/20/2024, 01:30:00 PM",96406
"11/20/2024, 02:00:00 PM",95481
"11/20/2024, 02:30:00 PM",96042
"11/20/2024, 03:00:00 PM",95913
"11/20/2024, 03:30:00 PM",95745
"11/20/2024, 04:00:00 PM",96027
"11/20/2024, 04:30:00 PM",96674
"11/20/2024, 05:00:00 PM",96746
"11/20/2024, 05:30:00 PM",96665
"11/20/2024, 06:00:00 PM",96484
"11/20/2024, 06:30:00 PM",96521
"11/20/2024, 07:00:00 PM",96759
"11/20/2024, 07:30:00 PM",96879
"11/20/2024, 08:00:00 PM",96854
"11/20/2024, 08:30:00 PM",96865
"11/20/2024, 09:00:00 PM",97282
"11/20/2024, 09:30:00 PM",97606
"11/20/2024, 10:00:00 PM",97501
"11/20/2024, 10:30:00 PM",97571
"11/20/2024, 11:00:00 PM",97566
"11/20/2024, 11:30:00 PM",97768
"11/21/2024, 12:00:00 AM",96344
"11/21/2024, 12:30:00 AM",96751
"11/21/2024, 01:00:00 AM",97282
"11/21/2024, 01:30:00 AM",97589
"11/21/2024, 02:00:00 AM",97001
"11/21/2024, 02:30:00 AM",96675
"11/21/2024, 03:00:00 AM",96745
"11/21/2024, 03:30:00 AM",97873
"11/21/2024, 04:00:00 AM",97125
"11/21/2024, 04:30:00 AM",95498
"11/21/2024, 05:00:00 AM",94891
"11/21/2024, 05:30:00 AM",97784
"11/21/2024, 06:00:00 AM",97678
"11/21/2024, 06:30:00 AM",96332
"11/21/2024, 07:00:00 AM",91192
"11/21/2024, 07:30:00 AM",93204
"11/21/2024, 08:00:00 AM",93006
"11/21/2024, 08:30:00 AM",92704
"11/21/2024, 09:00:00 AM",92975
"11/21/2024, 09:30:00 AM",94805
"11/21/2024, 10:00:00 AM",96832
"11/21/2024, 10:30:00 AM",97194
"11/21/2024, 11:00:00 AM",97309
"11/21/2024, 11:30:00 AM",97373
"11/21/2024, 12:00:00 PM",97132
"11/21/2024, 12:30:00 PM",95608
"11/21/2024, 01:00:00 PM",95325
"11/21/2024, 01:30:00 PM",96201
"11/21/2024, 02:00:00 PM",96404
"11/21/2024, 02:30:00 PM",96574
"11/21/2024, 03:00:00 PM",97479
"11/21/2024, 03:30:00 PM",97793
"11/21/2024, 04:00:00 PM",98470
"11/21/2024, 04:30:00 PM",98937
"11/21/2024, 05:00:00 PM",98014
"11/21/2024, 05:30:00 PM",97029
"11/21/2024, 06:00:00 PM",96270
"11/21/2024, 06:30:00 PM",97060
"11/21/2024, 07:00:00 PM",97437
"11/21/2024, 07:30:00 PM",98043
"11/21/2024, 08:00:00 PM",97992
"11/21/2024, 08:30:00 PM",97518
"11/21/2024, 09:00:00 PM",97764
"11/21/2024, 09:30:00 PM",97493
"11/21/2024, 10:00:00 PM",98378
"11/21/2024, 10:30:00 PM",99956
"11/21/2024, 11:00:00 PM",100126
"11/21/2024, 11:30:00 PM",100496
"11/22/2024, 12:00:00 AM",100441
"11/22/2024, 12:30:00 AM",100414
"11/22/2024, 01:00:00 AM",100050
"11/22/2024, 01:30:00 AM",99379
"11/22/2024, 02:00:00 AM",99683
"11/22/2024, 02:30:00 AM",100110
"11/22/2024, 03:00:00 AM",100115
"11/22/2024, 03:30:00 AM",99988
"11/22/2024, 04:00:00 AM",99041
"11/22/2024, 04:30:00 AM",99923
"11/22/2024, 05:00:00 AM",100036
"11/22/2024, 05:30:00 AM",100182
"11/22/2024, 06:00:00 AM",100001
"11/22/2024, 06:30:00 AM",99673
"11/22/2024, 07:00:00 AM",99779
"11/22/2024, 07:30:00 AM",99067
"11/22/2024, 08:00:00 AM",99161
"11/22/2024, 08:30:00 AM",99521
"11/22/2024, 09:00:00 AM",100251
"11/22/2024, 09:30:00 AM",100666
"11/22/2024, 10:00:00 AM",99842
"11/22/2024, 10:30:00 AM",100417
"11/22/2024, 11:00:00 AM",100120
"11/22/2024, 11:30:00 AM",98645
"11/22/2024, 12:00:00 PM",96775
"11/22/2024, 12:30:00 PM",88550
"11/22/2024, 01:00:00 PM",83114
"11/22/2024, 01:30:00 PM",94371
"11/22/2024, 02:00:00 PM",96985
"11/22/2024, 02:30:00 PM",96838
"11/22/2024, 03:00:00 PM",97606
"11/22/2024, 03:30:00 PM",97826
"11/22/2024, 04:00:00 PM",97701
"11/22/2024, 04:30:00 PM",97656
"11/22/2024, 05:00:00 PM",97573
"11/22/2024, 05:30:00 PM",97721
"11/22/2024, 06:00:00 PM",97472
"11/22/2024, 06:30:00 PM",98061
"11/22/2024, 07:00:00 PM",98205
"11/22/2024, 07:30:00 PM",98428
"11/22/2024, 08:00:00 PM",98269
"11/22/2024, 08:30:00 PM",98425
"11/22/2024, 09:00:00 PM",98126
"11/22/2024, 09:30:00 PM",97731
"11/22/2024, 10:00:00 PM",97155
"11/22/2024, 10:30:00 PM",97230
"11/22/2024, 11:00:00 PM",96987
"11/22/2024, 11:30:00 PM",96937
"11/23/2024, 12:00:00 AM",96894
"11/23/2024, 12:30:00 AM",96838
"11/23/2024, 01:00:00 AM",95282
"11/23/2024, 01:30:00 AM",91664
"11/23/2024, 02:00:00 AM",91130
"11/23/2024, 02:30:00 AM",90638
"11/23/2024, 03:00:00 AM",79864
"11/23/2024, 03:30:00 AM",82804
"11/23/2024, 04:00:00 AM",86067
"11/23/2024, 04:30:00 AM",88515
"11/23/2024, 05:00:00 AM",90230
"11/23/2024, 05:30:00 AM",92470
"11/23/2024, 06:00:00 AM",94478
"11/23/2024, 06:30:00 AM",94511
"11/23/2024, 07:00:00 AM",97558
"11/23/2024, 07:30:00 AM",99898
"11/23/2024, 08:00:00 AM",100502
"11/23/2024, 08:30:00 AM",100641
"11/23/2024, 09:00:00 AM",101341
"11/23/2024, 09:30:00 AM",100702
"11/23/2024, 10:00:00 AM",102801
"11/23/2024, 10:30:00 AM",103816
"11/23/2024, 11:00:00 AM",101882
"11/23/2024, 11:30:00 AM",100671
"11/23/2024, 12:00:00 PM",99728
"11/23/2024, 12:30:00 PM",98747
"11/23/2024, 01:00:00 PM",98286
"11/23/2024, 01:30:00 PM",98377
"11/23/2024, 02:00:00 PM",99931
"11/23/2024, 02:30:00 PM",97582
"11/23/2024, 03:00:00 PM",88390
"11/23/2024, 03:30:00 PM",82614
"11/23/2024, 04:00:00 PM",77150
"11/23/2024, 04:30:00 PM",71015
"11/23/2024, 05:00:00 PM",69106
"11/23/2024, 05:30:00 PM",68233
"11/23/2024, 06:00:00 PM",67943
"11/23/2024, 06:30:00 PM",67764
"11/23/2024, 07:00:00 PM",70936
"11/23/2024, 07:30:00 PM",68971
"11/23/2024, 08:00:00 PM",68030
"11/23/2024, 08:30:00 PM",67708
"11/23/2024, 09:00:00 PM",69110
"11/23/2024, 09:30:00 PM",71572
"11/23/2024, 10:00:00 PM",72359
"11/23/2024, 10:30:00 PM",75203
"11/23/2024, 11:00:00 PM",67809
"11/23/2024, 11:30:00 PM",65497
"11/24/2024, 12:00:00 AM",65690
"11/24/2024, 12:30:00 AM",67571
"11/24/2024, 01:00:00 AM",67034
"11/24/2024, 01:30:00 AM",64471
"11/24/2024, 02:00:00 AM",66593
"11/24/2024, 02:30:00 AM",65235
"11/24/2024, 03:00:00 AM",63917
"11/24/2024, 03:30:00 AM",63878
"11/24/2024, 04:00:00 AM",64195
"11/24/2024, 04:30:00 AM",64531
"11/24/2024, 05:00:00 AM",65787
"11/24/2024, 05:30:00 AM",65230
"11/24/2024, 06:00:00 AM",66744
"11/24/2024, 06:30:00 AM",69225
"11/24/2024, 07:00:00 AM",73241
"11/24/2024, 07:30:00 AM",79117
"11/24/2024, 08:00:00 AM",77408
"11/24/2024, 08:30:00 AM",76240
"11/24/2024, 09:00:00 AM",71160
"11/24/2024, 09:30:00 AM",67612
"11/24/2024, 10:00:00 AM",66169
"11/24/2024, 10:30:00 AM",71270
"11/24/2024, 11:00:00 AM",66226
"11/24/2024, 11:30:00 AM",47076
"11/24/2024, 12:00:00 PM",43132
"11/24/2024, 12:30:00 PM",47926
"11/24/2024, 01:00:00 PM",47144
"11/24/2024, 01:30:00 PM",18741
"11/24/2024, 02:00:00 PM",10598
"11/24/2024, 02:30:00 PM",10894
"11/24/2024, 03:00:00 PM",21224
"11/24/2024, 03:30:00 PM",25620
"11/24/2024, 04:00:00 PM",29573
"11/24/2024, 04:30:00 PM",36117
"11/24/2024, 05:00:00 PM",41536
"11/24/2024, 05:30:00 PM",45135
"11/24/2024, 06:00:00 PM",49857
"11/24/2024, 06:30:00 PM",56184
"11/24/2024, 07:00:00 PM",63689
"11/24/2024, 07:30:00 PM",67964
"11/24/2024, 08:00:00 PM",70344
"11/24/2024, 08:30:00 PM",70580
"11/24/2024, 09:00:00 PM",70040
"11/24/2024, 09:30:00 PM",67063
"11/24/2024, 10:00:00 PM",64703
"11/24/2024, 10:30:00 PM",64327
"11/24/2024, 11:00:00 PM",63926
"11/24/2024, 11:30:00 PM",64027
"11/25/2024, 12:00:00 AM",64522
"11/25/2024, 12:30:00 AM",64067
"11/25/2024, 01:00:00 AM",64368
"11/25/2024, 01:30:00 AM",64370
"11/25/2024, 02:00:00 AM",63951
"11/25/2024, 02:30:00 AM",64176
"11/25/2024, 03:00:00 AM",63496
"11/25/2024, 03:30:00 AM",63402
"11/25/2024, 04:00:00 AM",63375
"11/25/2024, 04:30:00 AM",63264
"11/25/2024, 05:00:00 AM",65645
"11/25/2024, 05:30:00 AM",68575
"11/25/2024, 06:00:00 AM",69535
"11/25/2024, 06:30:00 AM",74398
"11/25/2024, 07:00:00 AM",76627
"11/25/2024, 07:30:00 AM",77494
"11/25/2024, 08:00:00 AM",77202
"11/25/2024, 08:30:00 AM",76884
"11/25/2024, 09:00:00 AM",77302
"11/25/2024, 09:30:00 AM",76613
"11/25/2024, 10:00:00 AM",76139
"11/25/2024, 10:30:00 AM",78707
"11/25/2024, 11:00:00 AM",81182
"11/25/2024, 11:30:00 AM",80845
"11/25/2024, 12:00:00 PM",81911
"11/25/2024, 12:30:00 PM",84296
"11/25/2024, 01:00:00 PM",86300
"11/25/2024, 01:30:00 PM",86915
"11/25/2024, 02:00:00 PM",84948
"11/25/2024, 02:30:00 PM",87810
"11/25/2024, 03:00:00 PM",87173
"11/25/2024, 03:30:00 PM",90966
"11/25/2024, 04:00:00 PM",92571
"11/25/2024, 04:30:00 PM",94099
"11/25/2024, 05:00:00 PM",102225
"11/25/2024, 05:30:00 PM",99674
"11/25/2024, 06:00:00 PM",99399
"11/25/2024, 06:30:00 PM",98910
"11/25/2024, 07:00:00 PM",99698
"11/25/2024, 07:30:00 PM",76505
"11/25/2024, 08:00:00 PM",53681
"11/25/2024, 08:30:00 PM",66096
"11/25/2024, 09:00:00 PM",72052
"11/25/2024, 09:30:00 PM",78513
"11/25/2024, 10:00:00 PM",85447
"11/25/2024, 10:30:00 PM",92070
"11/25/2024, 11:00:00 PM",92868
"11/25/2024, 11:30:00 PM",78924
"11/26/2024, 12:00:00 AM",55489
"11/26/2024, 12:30:00 AM",43799
"11/26/2024, 01:00:00 AM",52987
"11/26/2024, 01:30:00 AM",57562
"11/26/2024, 02:00:00 AM",62813
"11/26/2024, 02:30:00 AM",67379
"11/26/2024, 03:00:00 AM",72374
"11/26/2024, 03:30:00 AM",77640
"11/26/2024, 04:00:00 AM",82819
"11/26/2024, 04:30:00 AM",89984
"11/26/2024, 05:00:00 AM",91848
"11/26/2024, 05:30:00 AM",86629
"11/26/2024, 06:00:00 AM",70203
"11/26/2024, 06:30:00 AM",75924
"11/26/2024, 07:00:00 AM",82440
"11/26/2024, 07:30:00 AM",84681
"11/26/2024, 08:00:00 AM",84092
"11/26/2024, 08:30:00 AM",83043
"11/26/2024, 09:00:00 AM",80671
"11/26/2024, 09:30:00 AM",84165
"11/26/2024, 10:00:00 AM",96929
"11/26/2024, 10:30:00 AM",97388
"11/26/2024, 11:00:00 AM",97955
"11/26/2024, 11:30:00 AM",98433
"11/26/2024, 12:00:00 PM",97035
"11/26/2024, 12:30:00 PM",97419
"11/26/2024, 01:00:00 PM",97824
"11/26/2024, 01:30:00 PM",97099
"11/26/2024, 02:00:00 PM",96725
"11/26/2024, 02:30:00 PM",97117
"11/26/2024, 03:00:00 PM",96690
"11/26/2024, 03:30:00 PM",96707
"11/26/2024, 04:00:00 PM",97831
"11/26/2024, 04:30:00 PM",97643
"11/26/2024, 05:00:00 PM",98083
"11/26/2024, 05:30:00 PM",97661
"11/26/2024, 06:00:00 PM",97352
"11/26/2024, 06:30:00 PM",97224
"11/26/2024, 07:00:00 PM",98548
"11/26/2024, 07:30:00 PM",98336
"11/26/2024, 08:00:00 PM",99277
"11/26/2024, 08:30:00 PM",99379
"11/26/2024, 09:00:00 PM",100503
"11/26/2024, 09:30:00 PM",99768
"11/26/2024, 10:00:00 PM",99649
"11/26/2024, 10:30:00 PM",100609
"11/26/2024, 11:00:00 PM",100444
"11/26/2024, 11:30:00 PM",99337
"11/27/2024, 12:00:00 AM",102327
"11/27/2024, 12:30:00 AM",106567
"11/27/2024, 01:00:00 AM",108289
"11/27/2024, 01:30:00 AM",105932
"11/27/2024, 02:00:00 AM",106525
"11/27/2024, 02:30:00 AM",106211
"11/27/2024, 03:00:00 AM",100923
"11/27/2024, 03:30:00 AM",101490
"11/27/2024, 04:00:00 AM",100259
"11/27/2024, 04:30:00 AM",100728
"11/27/2024, 05:00:00 AM",91533
"11/27/2024, 05:30:00 AM",87847
"11/27/2024, 06:00:00 AM",87795
"11/27/2024, 06:30:00 AM",91068
"11/27/2024, 07:00:00 AM",94353
"11/27/2024, 07:30:00 AM",96656
"11/27/2024, 08:00:00 AM",97023
"11/27/2024, 08:30:00 AM",94466
"11/27/2024, 09:00:00 AM",94794
"11/27/2024, 09:30:00 AM",97210
"11/27/2024, 10:00:00 AM",95609
"11/27/2024, 10:30:00 AM",96974
"11/27/2024, 11:00:00 AM",97413
"11/27/2024, 11:30:00 AM",97268
"11/27/2024, 12:00:00 PM",97244
"11/27/2024, 12:30:00 PM",97069
"11/27/2024, 01:00:00 PM",96999
"11/27/2024, 01:30:00 PM",96796
"11/27/2024, 02:00:00 PM",96622
"11/27/2024, 02:30:00 PM",97006
"11/27/2024, 03:00:00 PM",96046
"11/27/2024, 03:30:00 PM",95401
"11/27/2024, 04:00:00 PM",94979
"11/27/2024, 04:30:00 PM",95179
"11/27/2024, 05:00:00 PM",94296
"11/27/2024, 05:30:00 PM",83168
"11/27/2024, 06:00:00 PM",74656
"11/27/2024, 06:30:00 PM",73549
"11/27/2024, 07:00:00 PM",73206
"11/27/2024, 07:30:00 PM",74623
"11/27/2024, 08:00:00 PM",73400
"11/27/2024, 08:30:00 PM",65769
"11/27/2024, 09:00:00 PM",61468
"11/27/2024, 09:30:00 PM",45942
"11/27/2024, 10:00:00 PM",54257
"11/27/2024, 10:30:00 PM",47427
"11/27/2024, 11:00:00 PM",27279
"11/27/2024, 11:30:00 PM",13551
"11/28/2024, 12:00:00 AM",12070
"11/28/2024, 12:30:00 AM",15141
"11/28/2024, 01:00:00 AM",13303
"11/28/2024, 01:30:00 AM",13869
"11/28/2024, 02:00:00 AM",11290
"11/28/2024, 02:30:00 AM",6821
"11/28/2024, 03:00:00 AM",4093
"11/28/2024, 03:30:00 AM",5429
"11/28/2024, 04:00:00 AM",5832
"11/28/2024, 04:30:00 AM",2672
"11/28/2024, 05:00:00 AM",11413
"11/28/2024, 05:30:00 AM",27168
"11/28/2024, 06:00:00 AM",21042
"11/28/2024, 06:30:00 AM",19315
"11/28/2024, 07:00:00 AM",22936
"11/28/2024, 07:30:00 AM",37711
"11/28/2024, 08:00:00 AM",37871
"11/28/2024, 08:30:00 AM",21656
"11/28/2024, 09:00:00 AM",17182
"11/28/2024, 09:30:00 AM",14859
"11/28/2024, 10:00:00 AM",14031
"11/28/2024, 10:30:00 AM",21231
"11/28/2024, 11:00:00 AM",42552
"11/28/2024, 11:30:00 AM",38935
"11/28/2024, 12:00:00 PM",21099
"11/28/2024, 12:30:00 PM",16882
"11/28/2024, 01:00:00 PM",26997
"11/28/2024, 01:30:00 PM",21766
"11/28/2024, 02:00:00 PM",24597
"11/28/2024, 02:30:00 PM",21578
"11/28/2024, 03:00:00 PM",19618
"11/28/2024, 03:30:00 PM",14230
"11/28/2024, 04:00:00 PM",7334
"11/28/2024, 04:30:00 PM",4941
"11/28/2024, 05:00:00 PM",5191
"11/28/2024, 05:30:00 PM",11829
"11/28/2024, 06:00:00 PM",10183
"11/28/2024, 06:30:00 PM",5927
"11/28/2024, 07:00:00 PM",5486
"11/28/2024, 07:30:00 PM",3584
"11/28/2024, 08:00:00 PM",1971
"11/28/2024, 08:30:00 PM",931
"11/28/2024, 09:00:00 PM",681
"11/28/2024, 09:30:00 PM",548
"11/28/2024, 10:00:00 PM",1316
"11/28/2024, 10:30:00 PM",1983
"11/28/2024, 11:00:00 PM",2513
"11/28/2024, 11:30:00 PM",2212
"11/29/2024, 12:00:00 AM",2239
"11/29/2024, 12:30:00 AM",3822
"11/29/2024, 01:00:00 AM",5795
"11/29/2024, 01:30:00 AM",5661
"11/29/2024, 02:00:00 AM",5877
"11/29/2024, 02:30:00 AM",10041
"11/29/2024, 03:00:00 AM",13899
"11/29/2024, 03:30:00 AM",10751
"11/29/2024, 04:00:00 AM",7352
"11/29/2024, 04:30:00 AM",2525
"11/29/2024, 05:00:00 AM",6478
"11/29/2024, 05:30:00 AM",12990
"11/29/2024, 06:00:00 AM",8535
"11/29/2024, 06:30:00 AM",2588
"11/29/2024, 07:00:00 AM",7155
"11/29/2024, 07:30:00 AM",4676
"11/29/2024, 08:00:00 AM",3452
"11/29/2024, 08:30:00 AM",2899
"11/29/2024, 09:00:00 AM",2464
"11/29/2024, 09:30:00 AM",2108
"11/29/2024, 10:00:00 AM",9119
"11/29/2024, 10:30:00 AM",25282
"11/29/2024, 11:00:00 AM",29645
"11/29/2024, 11:30:00 AM",26903
"11/29/2024, 12:00:00 PM",17904
"11/29/2024, 12:30:00 PM",13561
"11/29/2024, 01:00:00 PM",14215
"11/29/2024, 01:30:00 PM",30918
"11/29/2024, 02:00:00 PM",37067
"11/29/2024, 02:30:00 PM",38650
"11/29/2024, 03:00:00 PM",41602
"11/29/2024, 03:30:00 PM",45117
"11/29/2024, 04:00:00 PM",48278
"11/29/2024, 04:30:00 PM",50087
"11/29/2024, 05:00:00 PM",54521
"11/29/2024, 05:30:00 PM",56412
"11/29/2024, 06:00:00 PM",45441
"11/29/2024, 06:30:00 PM",37563
"11/29/2024, 07:00:00 PM",36197
"11/29/2024, 07:30:00 PM",32369
"11/29/2024, 08:00:00 PM",18987
"11/29/2024, 08:30:00 PM",12383
"11/29/2024, 09:00:00 PM",10565
"11/29/2024, 09:30:00 PM",9111
"11/29/2024, 10:00:00 PM",8400
"11/29/2024, 10:30:00 PM",7883
"11/29/2024, 11:00:00 PM",11500
"11/29/2024, 11:30:00 PM",27814
"11/30/2024, 12:00:00 AM",28147
"11/30/2024, 12:30:00 AM",24526
"11/30/2024, 01:00:00 AM",18675
"11/30/2024, 01:30:00 AM",13347
"11/30/2024, 02:00:00 AM",10229
"11/30/2024, 02:30:00 AM",6365
"11/30/2024, 03:00:00 AM",3136
"11/30/2024, 03:30:00 AM",1707
"11/30/2024, 04:00:00 AM",1073
"11/30/2024, 04:30:00 AM",632
"11/30/2024, 05:00:00 AM",1771
"11/30/2024, 05:30:00 AM",4403
"11/30/2024, 06:00:00 AM",1825
"11/30/2024, 06:30:00 AM",909
"11/30/2024, 07:00:00 AM",4104
"11/30/2024, 07:30:00 AM",4781
"11/30/2024, 08:00:00 AM",2123
"11/30/2024, 08:30:00 AM",696
"11/30/2024, 09:00:00 AM",1711
"11/30/2024, 09:30:00 AM",638
"11/30/2024, 10:00:00 AM",6436
"11/30/2024, 10:30:00 AM",9326
"11/30/2024, 11:00:00 AM",2223
"11/30/2024, 11:30:00 AM",1931
"11/30/2024, 12:00:00 PM",1078
"11/30/2024, 12:30:00 PM",858
"11/30/2024, 01:00:00 PM",659
"11/30/2024, 01:30:00 PM",437
"11/30/2024, 02:00:00 PM",259
"11/30/2024, 02:30:00 PM",335
"11/30/2024, 03:00:00 PM",160
"11/30/2024, 03:30:00 PM",118
"11/30/2024, 04:00:00 PM",82.7
"11/30/2024, 04:30:00 PM",58.7
"11/30/2024, 05:00:00 PM",2101
"11/30/2024, 05:30:00 PM",5776
"11/30/2024, 06:00:00 PM",1722
"11/30/2024, 06:30:00 PM",884
"11/30/2024, 07:00:00 PM",221
"11/30/2024, 07:30:00 PM",107
"11/30/2024, 08:00:00 PM",105
"11/30/2024, 08:30:00 PM",104
"11/30/2024, 09:00:00 PM",96
"11/30/2024, 09:30:00 PM",119
"11/30/2024, 10:00:00 PM",1110
"11/30/2024, 10:30:00 PM",142
"11/30/2024, 11:00:00 PM",107
"11/30/2024, 11:30:00 PM",96
"12/01/2024, 12:00:00 AM",299
"12/01/2024, 12:30:00 AM",707
"12/01/2024, 01:00:00 AM",189
"12/01/2024, 01:30:00 AM",80
"12/01/2024, 02:00:00 AM",111
"12/01/2024, 02:30:00 AM",6745
"12/01/2024, 03:00:00 AM",4047
"12/01/2024, 03:30:00 AM",1241
"12/01/2024, 04:00:00 AM",387
"12/01/2024, 04:30:00 AM",342
"12/01/2024, 05:00:00 AM",672
"12/01/2024, 05:30:00 AM",881
"12/01/2024, 06:00:00 AM",363
"12/01/2024, 06:30:00 AM",515
"12/01/2024, 07:00:00 AM",2397
"12/01/2024, 07:30:00 AM",6824
"12/01/2024, 08:00:00 AM",6463
"12/01/2024, 08:30:00 AM",3758
"12/01/2024, 09:00:00 AM",4337
"12/01/2024, 09:30:00 AM",5758
"12/01/2024, 10:00:00 AM",3821
"12/01/2024, 10:30:00 AM",7029
"12/01/2024, 11:00:00 AM",7783
"12/01/2024, 11:30:00 AM",3816
"12/01/2024, 12:00:00 PM",1949
"12/01/2024, 12:30:00 PM",1733
"12/01/2024, 01:00:00 PM",2173
"12/01/2024, 01:30:00 PM",3799
"12/01/2024, 02:00:00 PM",3039
"12/01/2024, 02:30:00 PM",2182
"12/01/2024, 03:00:00 PM",1476
"12/01/2024, 03:30:00 PM",1149
"12/01/2024, 04:00:00 PM",834
"12/01/2024, 04:30:00 PM",585
"12/01/2024, 05:00:00 PM",452
"12/01/2024, 05:30:00 PM",354
"12/01/2024, 06:00:00 PM",334
"12/01/2024, 06:30:00 PM",315
"12/01/2024, 07:00:00 PM",331
"12/01/2024, 07:30:00 PM",295
"12/01/2024, 08:00:00 PM",588
"12/01/2024, 08:30:00 PM",2447
"12/01/2024, 09:00:00 PM",2696
"12/01/2024, 09:30:00 PM",1319
"12/01/2024, 10:00:00 PM",236
"12/01/2024, 10:30:00 PM",82.7
"12/01/2024, 11:00:00 PM",879
"12/01/2024, 11:30:00 PM",972
"12/02/2024, 12:00:00 AM",814
"12/02/2024, 12:30:00 AM",115
"12/02/2024, 01:00:00 AM",22.3
"12/02/2024, 01:30:00 AM",1888
"12/02/2024, 02:00:00 AM",2303
"12/02/2024, 02:30:00 AM",1492
"12/02/2024, 03:00:00 AM",720
"12/02/2024, 03:30:00 AM",88
"12/02/2024, 04:00:00 AM",64
"12/02/2024, 04:30:00 AM",123
"12/02/2024, 05:00:00 AM",5342
"12/02/2024, 05:30:00 AM",13256
"12/02/2024, 06:00:00 AM",16730
"12/02/2024, 06:30:00 AM",22934
"12/02/2024, 07:00:00 AM",27211
"12/02/2024, 07:30:00 AM",28635
"12/02/2024, 08:00:00 AM",28686
"12/02/2024, 08:30:00 AM",25028
"12/02/2024, 09:00:00 AM",20688
"12/02/2024, 09:30:00 AM",19487
"12/02/2024, 10:00:00 AM",17039
"12/02/2024, 10:30:00 AM",16233
"12/02/2024, 11:00:00 AM",26515
"12/02/2024, 11:30:00 AM",33306
"12/02/2024, 12:00:00 PM",28383
"12/02/2024, 12:30:00 PM",24619
"12/02/2024, 01:00:00 PM",19253
"12/02/2024, 01:30:00 PM",28262
"12/02/2024, 02:00:00 PM",28419
"12/02/2024, 02:30:00 PM",23247
"12/02/2024, 03:00:00 PM",31298
"12/02/2024, 03:30:00 PM",44481
"12/02/2024, 04:00:00 PM",51288
"12/02/2024, 04:30:00 PM",58312
"12/02/2024, 05:00:00 PM",59187
"12/02/2024, 05:30:00 PM",53443
"12/02/2024, 06:00:00 PM",48603
"12/02/2024, 06:30:00 PM",46659
"12/02/2024, 07:00:00 PM",43123
"12/02/2024, 07:30:00 PM",34379
"12/02/2024, 08:00:00 PM",38951
"12/02/2024, 08:30:00 PM",42352
"12/02/2024, 09:00:00 PM",44767
"12/02/2024, 09:30:00 PM",44889
"12/02/2024, 10:00:00 PM",44026
"12/02/2024, 10:30:00 PM",41642
"12/02/2024, 11:00:00 PM",38184
"12/02/2024, 11:30:00 PM",31478
"12/03/2024, 12:00:00 AM",22525
"12/03/2024, 12:30:00 AM",21093
"12/03/2024, 01:00:00 AM",19840
"12/03/2024, 01:30:00 AM",16784
"12/03/2024, 02:00:00 AM",10997
"12/03/2024, 02:30:00 AM",7253
"12/03/2024, 03:00:00 AM",4352
"12/03/2024, 03:30:00 AM",2853
"12/03/2024, 04:00:00 AM",1947
"12/03/2024, 04:30:00 AM",1395
"12/03/2024, 05:00:00 AM",4832
"12/03/2024, 05:30:00 AM",27232
"12/03/2024, 06:00:00 AM",41943
"12/03/2024, 06:30:00 AM",54234
"12/03/2024, 07:00:00 AM",61996
"12/03/2024, 07:30:00 AM",69587
"12/03/2024, 08:00:00 AM",73585
"12/03/2024, 08:30:00 AM",75374
"12/03/2024, 09:00:00 AM",77397
"12/03/2024, 09:30:00 AM",81641
"12/03/2024, 10:00:00 AM",83787
"12/03/2024, 10:30:00 AM",84036
"12/03/2024, 11:00:00 AM",84577
"12/03/2024, 11:30:00 AM",86017
"12/03/2024, 12:00:00 PM",90189
"12/03/2024, 12:30:00 PM",94225
"12/03/2024, 01:00:00 PM",95187
"12/03/2024, 01:30:00 PM",93113
"12/03/2024, 02:00:00 PM",89454
"12/03/2024, 02:30:00 PM",88892
"12/03/2024, 03:00:00 PM",90174
"12/03/2024, 03:30:00 PM",90253
"12/03/2024, 04:00:00 PM",88547
"12/03/2024, 04:30:00 PM",90480
"12/03/2024, 05:00:00 PM",90157
"12/03/2024, 05:30:00 PM",89371
"12/03/2024, 06:00:00 PM",93810
"12/03/2024, 06:30:00 PM",94997
"12/03/2024, 07:00:00 PM",94161
"12/03/2024, 07:30:00 PM",91095
"12/03/2024, 08:00:00 PM",88832
"12/03/2024, 08:30:00 PM",84959
"12/03/2024, 09:00:00 PM",79197
"12/03/2024, 09:30:00 PM",82911
"12/03/2024, 10:00:00 PM",76612
"12/03/2024, 10:30:00 PM",72646
"12/03/2024, 11:00:00 PM",70258
"12/03/2024, 11:30:00 PM",69930
"12/04/2024, 12:00:00 AM",69674
"12/04/2024, 12:30:00 AM",67524
"12/04/2024, 01:00:00 AM",67133
"12/04/2024, 01:30:00 AM",68390
"12/04/2024, 02:00:00 AM",67272
"12/04/2024, 02:30:00 AM",65838
"12/04/2024, 03:00:00 AM",65181
"12/04/2024, 03:30:00 AM",64559
"12/04/2024, 04:00:00 AM",63529
"12/04/2024, 04:30:00 AM",63664
"12/04/2024, 05:00:00 AM",63655
"12/04/2024, 05:30:00 AM",72170
"12/04/2024, 06:00:00 AM",77816
"12/04/2024, 06:30:00 AM",81262
"12/04/2024, 07:00:00 AM",84422
"12/04/2024, 07:30:00 AM",85889
"12/04/2024, 08:00:00 AM",88036
"12/04/2024, 08:30:00 AM",89243
"12/04/2024, 09:00:00 AM",91645
"12/04/2024, 09:30:00 AM",91851
"12/04/2024, 10:00:00 AM",92193
"12/04/2024, 10:30:00 AM",92023
"12/04/2024, 11:00:00 AM",91677
"12/04/2024, 11:30:00 AM",90155
"12/04/2024, 12:00:00 PM",79803
"12/04/2024, 12:30:00 PM",59433
"12/04/2024, 01:00:00 PM",60897
"12/04/2024, 01:30:00 PM",69560
"12/04/2024, 02:00:00 PM",76878
"12/04/2024, 02:30:00 PM",88672
"12/04/2024, 03:00:00 PM",94988
"12/04/2024, 03:30:00 PM",95674
"12/04/2024, 04:00:00 PM",95877
"12/04/2024, 04:30:00 PM",95704
"12/04/2024, 05:00:00 PM",95747
"12/04/2024, 05:30:00 PM",96251
"12/04/2024, 06:00:00 PM",95944
"12/04/2024, 06:30:00 PM",96594
"12/04/2024, 07:00:00 PM",96559
"12/04/2024, 07:30:00 PM",96794
"12/04/2024, 08:00:00 PM",93171
"12/04/2024, 08:30:00 PM",86718
"12/04/2024, 09:00:00 PM",77824
"12/04/2024, 09:30:00 PM",69184
"12/04/2024, 10:00:00 PM",68772
"12/04/2024, 10:30:00 PM",70829
"12/04/2024, 11:00:00 PM",68967
"12/04/2024, 11:30:00 PM",66519
"12/05/2024, 12:00:00 AM",65535
"12/05/2024, 12:30:00 AM",65002
"12/05/2024, 01:00:00 AM",65579
"12/05/2024, 01:30:00 AM",65741
"12/05/2024, 02:00:00 AM",65014
"12/05/2024, 02:30:00 AM",64596
"12/05/2024, 03:00:00 AM",64622
"12/05/2024, 03:30:00 AM",64613
"12/05/2024, 04:00:00 AM",65350
"12/05/2024, 04:30:00 AM",64564
"12/05/2024, 05:00:00 AM",66099
"12/05/2024, 05:30:00 AM",69213
"12/05/2024, 06:00:00 AM",75546
"12/05/2024, 06:30:00 AM",79058
"12/05/2024, 07:00:00 AM",81704
"12/05/2024, 07:30:00 AM",87269
"12/05/2024, 08:00:00 AM",94319
"12/05/2024, 08:30:00 AM",97218
"12/05/2024, 09:00:00 AM",95700
"12/05/2024, 09:30:00 AM",94574
"12/05/2024, 10:00:00 AM",93901
"12/05/2024, 10:30:00 AM",94790
"12/05/2024, 11:00:00 AM",94461
"12/05/2024, 11:30:00 AM",93216
"12/05/2024, 12:00:00 PM",94194
"12/05/2024, 12:30:00 PM",94227
"12/05/2024, 01:00:00 PM",93745
"12/05/2024, 01:30:00 PM",94463
"12/05/2024, 02:00:00 PM",94786
"12/05/2024, 02:30:00 PM",95781
"12/05/2024, 03:00:00 PM",96564
"12/05/2024, 03:30:00 PM",96317
"12/05/2024, 04:00:00 PM",96369
"12/05/2024, 04:30:00 PM",97234
"12/05/2024, 05:00:00 PM",98648
"12/05/2024, 05:30:00 PM",97858
"12/05/2024, 06:00:00 PM",96642
"12/05/2024, 06:30:00 PM",97797
"12/05/2024, 07:00:00 PM",97321
"12/05/2024, 07:30:00 PM",98114
"12/05/2024, 08:00:00 PM",97735
"12/05/2024, 08:30:00 PM",98123
"12/05/2024, 09:00:00 PM",97227
"12/05/2024, 09:30:00 PM",101526
"12/05/2024, 10:00:00 PM",103271
"12/05/2024, 10:30:00 PM",104505
"12/05/2024, 11:00:00 PM",105294
"12/05/2024, 11:30:00 PM",106917
"12/06/2024, 12:00:00 AM",108031
"12/06/2024, 12:30:00 AM",109069
"12/06/2024, 01:00:00 AM",109330
"12/06/2024, 01:30:00 AM",110697
"12/06/2024, 02:00:00 AM",111543
"12/06/2024, 02:30:00 AM",110572
"12/06/2024, 03:00:00 AM",109972
"12/06/2024, 03:30:00 AM",111105
"12/06/2024, 04:00:00 AM",110483
"12/06/2024, 04:30:00 AM",110780
"12/06/2024, 05:00:00 AM",110233
"12/06/2024, 05:30:00 AM",108773
"12/06/2024, 06:00:00 AM",105822
"12/06/2024, 06:30:00 AM",100177
"12/06/2024, 07:00:00 AM",94900
"12/06/2024, 07:30:00 AM",92149
"12/06/2024, 08:00:00 AM",91477
"12/06/2024, 08:30:00 AM",91808
"12/06/2024, 09:00:00 AM",92332
"12/06/2024, 09:30:00 AM",95615
"12/06/2024, 10:00:00 AM",95002
"12/06/2024, 10:30:00 AM",96429
"12/06/2024, 11:00:00 AM",95365
"12/06/2024, 11:30:00 AM",94086
"12/06/2024, 12:00:00 PM",98235
"12/06/2024, 12:30:00 PM",96940
"12/06/2024, 01:00:00 PM",98175
"12/06/2024, 01:30:00 PM",102027
"12/06/2024, 02:00:00 PM",101627
"12/06/2024, 02:30:00 PM",98614
"12/06/2024, 03:00:00 PM",102125
"12/06/2024, 03:30:00 PM",101168
"12/06/2024, 04:00:00 PM",99968
"12/06/2024, 04:30:00 PM",90696
"12/06/2024, 05:00:00 PM",92495
"12/06/2024, 05:30:00 PM",97428
"12/06/2024, 06:00:00 PM",95603
"12/06/2024, 06:30:00 PM",94808
"12/06/2024, 07:00:00 PM",95284
"12/06/2024, 07:30:00 PM",97286
"12/06/2024, 08:00:00 PM",97679
"12/06/2024, 08:30:00 PM",97633
"12/06/2024, 09:00:00 PM",97556
"12/06/2024, 09:30:00 PM",97748
"12/06/2024, 10:00:00 PM",99879
"12/06/2024, 10:30:00 PM",100064
"12/06/2024, 11:00:00 PM",98615
"12/06/2024, 11:30:00 PM",98569
"12/07/2024, 12:00:00 AM",100765
"12/07/2024, 12:30:00 AM",100494
"12/07/2024, 01:00:00 AM",93083
"12/07/2024, 01:30:00 AM",80217
"12/07/2024, 02:00:00 AM",70399
"12/07/2024, 02:30:00 AM",62899
"12/07/2024, 03:00:00 AM",48499
"12/07/2024, 03:30:00 AM",36545
"12/07/2024, 04:00:00 AM",21992
"12/07/2024, 04:30:00 AM",13147
"12/07/2024, 05:00:00 AM",11311
"12/07/2024, 05:30:00 AM",12546
"12/07/2024, 06:00:00 AM",7481
"12/07/2024, 06:30:00 AM",2886
"12/07/2024, 07:00:00 AM",8899
"12/07/2024, 07:30:00 AM",21584
"12/07/2024, 08:00:00 AM",30187
"12/07/2024, 08:30:00 AM",38086
"12/07/2024, 09:00:00 AM",43054
"12/07/2024, 09:30:00 AM",46545
"12/07/2024, 10:00:00 AM",51514
"12/07/2024, 10:30:00 AM",56238
"12/07/2024, 11:00:00 AM",51442
"12/07/2024, 11:30:00 AM",58816
"12/07/2024, 12:00:00 PM",63863
"12/07/2024, 12:30:00 PM",64674
"12/07/2024, 01:00:00 PM",65751
"12/07/2024, 01:30:00 PM",68436
"12/07/2024, 02:00:00 PM",66760
"12/07/2024, 02:30:00 PM",63244
"12/07/2024, 03:00:00 PM",61393
"12/07/2024, 03:30:00 PM",64600
"12/07/2024, 04:00:00 PM",65012
"12/07/2024, 04:30:00 PM",64785
"12/07/2024, 05:00:00 PM",64506
"12/07/2024, 05:30:00 PM",65877
"12/07/2024, 06:00:00 PM",59659
"12/07/2024, 06:30:00 PM",44839
"12/07/2024, 07:00:00 PM",36870
"12/07/2024, 07:30:00 PM",45345
"12/07/2024, 08:00:00 PM",50307
"12/07/2024, 08:30:00 PM",54574
"12/07/2024, 09:00:00 PM",56871
"12/07/2024, 09:30:00 PM",57048
"12/07/2024, 10:00:00 PM",58772
"12/07/2024, 10:30:00 PM",53805
"12/07/2024, 11:00:00 PM",50892
"12/07/2024, 11:30:00 PM",56479
"12/08/2024, 12:00:00 AM",62294
"12/08/2024, 12:30:00 AM",63929
"12/08/2024, 01:00:00 AM",55665
"12/08/2024, 01:30:00 AM",42686
"12/08/2024, 02:00:00 AM",38898
"12/08/2024, 02:30:00 AM",24768
"12/08/2024, 03:00:00 AM",10451
"12/08/2024, 03:30:00 AM",8464
"12/08/2024, 04:00:00 AM",13571
"12/08/2024, 04:30:00 AM",18683
"12/08/2024, 05:00:00 AM",24300
"12/08/2024, 05:30:00 AM",27128
"12/08/2024, 06:00:00 AM",30137
"12/08/2024, 06:30:00 AM",35073
"12/08/2024, 07:00:00 AM",39913
"12/08/2024, 07:30:00 AM",42031
"12/08/2024, 08:00:00 AM",45972
"12/08/2024, 08:30:00 AM",50499
"12/08/2024, 09:00:00 AM",54469
"12/08/2024, 09:30:00 AM",57211
"12/08/2024, 10:00:00 AM",58939
"12/08/2024, 10:30:00 AM",61509
"12/08/2024, 11:00:00 AM",62206
"12/08/2024, 11:30:00 AM",63181
"12/08/2024, 12:00:00 PM",64942
"12/08/2024, 12:30:00 PM",66779
"12/08/2024, 01:00:00 PM",66264
"12/08/2024, 01:30:00 PM",66066
"12/08/2024, 02:00:00 PM",66490
"12/08/2024, 02:30:00 PM",65518
"12/08/2024, 03:00:00 PM",65069
"12/08/2024, 03:30:00 PM",64534
"12/08/2024, 04:00:00 PM",64326
"12/08/2024, 04:30:00 PM",68064
"12/08/2024, 05:00:00 PM",71479
"12/08/2024, 05:30:00 PM",75629
"12/08/2024, 06:00:00 PM",78691
"12/08/2024, 06:30:00 PM",82636
"12/08/2024, 07:00:00 PM",86457
"12/08/2024, 07:30:00 PM",87239
"12/08/2024, 08:00:00 PM",87074
"12/08/2024, 08:30:00 PM",92249
"12/08/2024, 09:00:00 PM",95687
"12/08/2024, 09:30:00 PM",96219
"12/08/2024, 10:00:00 PM",95817
"12/08/2024, 10:30:00 PM",94110
"12/08/2024, 11:00:00 PM",96450
"12/08/2024, 11:30:00 PM",96665
"12/09/2024, 12:00:00 AM",96516
"12/09/2024, 12:30:00 AM",96107
"12/09/2024, 01:00:00 AM",96179
"12/09/2024, 01:30:00 AM",94715
"12/09/2024, 02:00:00 AM",91172
"12/09/2024, 02:30:00 AM",87326
"12/09/2024, 03:00:00 AM",84221
"12/09/2024, 03:30:00 AM",85301
"12/09/2024, 04:00:00 AM",86667
"12/09/2024, 04:30:00 AM",87333
"12/09/2024, 05:00:00 AM",85769
"12/09/2024, 05:30:00 AM",84905
"12/09/2024, 06:00:00 AM",83588
"12/09/2024, 06:30:00 AM",83178
"12/09/2024, 07:00:00 AM",82925
"12/09/2024, 07:30:00 AM",83509
"12/09/2024, 08:00:00 AM",84725
"12/09/2024, 08:30:00 AM",87255
"12/09/2024, 09:00:00 AM",87364
"12/09/2024, 09:30:00 AM",86796
"12/09/2024, 10:00:00 AM",87175
"12/09/2024, 10:30:00 AM",88532